-- MySQL dump 10.13  Distrib 8.0.22, for Win64 (x86_64)
--
-- Host: localhost    Database: andela
-- ------------------------------------------------------
-- Server version	8.0.22

/*!40101 SET @OLD_CHARACTER_SET_CLIENT=@@CHARACTER_SET_CLIENT */;
/*!40101 SET @OLD_CHARACTER_SET_RESULTS=@@CHARACTER_SET_RESULTS */;
/*!40101 SET @OLD_COLLATION_CONNECTION=@@COLLATION_CONNECTION */;
/*!50503 SET NAMES utf8mb4 */;
/*!40103 SET @OLD_TIME_ZONE=@@TIME_ZONE */;
/*!40103 SET TIME_ZONE='+00:00' */;
/*!40014 SET @OLD_UNIQUE_CHECKS=@@UNIQUE_CHECKS, UNIQUE_CHECKS=0 */;
/*!40014 SET @OLD_FOREIGN_KEY_CHECKS=@@FOREIGN_KEY_CHECKS, FOREIGN_KEY_CHECKS=0 */;
/*!40101 SET @OLD_SQL_MODE=@@SQL_MODE, SQL_MODE='NO_AUTO_VALUE_ON_ZERO' */;
/*!40111 SET @OLD_SQL_NOTES=@@SQL_NOTES, SQL_NOTES=0 */;

--
-- Current Database: `andela`
--

CREATE DATABASE /*!32312 IF NOT EXISTS*/ `andela` /*!40100 DEFAULT CHARACTER SET utf8mb4 COLLATE utf8mb4_0900_ai_ci */ /*!80016 DEFAULT ENCRYPTION='N' */;

USE `andela`;

--
-- Table structure for table `channel`
--

DROP TABLE IF EXISTS `channel`;
/*!40101 SET @saved_cs_client     = @@character_set_client */;
/*!50503 SET character_set_client = utf8mb4 */;
CREATE TABLE `channel` (
  `channelId` int NOT NULL AUTO_INCREMENT,
  `channelName` varchar(50) DEFAULT NULL,
  PRIMARY KEY (`channelId`)
) ENGINE=InnoDB AUTO_INCREMENT=123 DEFAULT CHARSET=utf8mb4 COLLATE=utf8mb4_0900_ai_ci;
/*!40101 SET character_set_client = @saved_cs_client */;

--
-- Dumping data for table `channel`
--

LOCK TABLES `channel` WRITE;
/*!40000 ALTER TABLE `channel` DISABLE KEYS */;
INSERT INTO `channel` VALUES (1,'086'),(2,'029'),(3,'585'),(4,'068'),(5,'532'),(6,'067'),(7,'026'),(8,'633'),(9,'083'),(10,'524'),(11,'523'),(12,'535'),(13,'518'),(14,'971'),(15,'598'),(16,'028'),(17,'182'),(18,'078'),(19,'554'),(20,'983'),(21,'1248'),(22,'973'),(23,'621'),(24,'982'),(25,'522'),(26,'512'),(27,'064'),(28,'520'),(29,'603'),(30,'552'),(31,'537'),(32,'542'),(33,'539'),(34,'533'),(35,'595'),(36,'069'),(37,'521'),(38,'065'),(39,'037'),(40,'1532'),(41,'625'),(42,'553'),(43,'572'),(44,'076'),(45,'1849'),(46,'623'),(47,'874'),(48,'571'),(49,'039'),(50,'555'),(51,'051'),(52,'080'),(53,'918'),(54,'584'),(55,'042'),(56,'609'),(57,'602'),(58,'030'),(59,'604'),(60,'558'),(61,'514'),(62,'519'),(63,'599'),(64,'536'),(65,'531'),(66,'515'),(67,'597'),(68,'583'),(69,'608'),(70,'516'),(71,'586'),(72,'979'),(73,'538'),(74,'556'),(75,'557'),(76,'620'),(77,'050'),(78,'985'),(79,'540'),(80,'534'),(81,'984'),(82,'622'),(83,'551'),(84,'541'),(85,'582'),(86,'606'),(87,'596'),(88,'980'),(89,'972'),(90,'605'),(91,'043'),(92,'921'),(93,'058'),(94,'252'),(95,'062'),(96,'169'),(97,'063'),(98,'465'),(99,'066'),(100,'133'),(101,'055'),(102,'640'),(103,'095'),(104,'935'),(105,'661'),(106,'511'),(107,'003'),(108,'513'),(109,'517'),(110,'128'),(111,'183'),(112,'651'),(113,'842'),(114,'1260'),(115,'849'),(116,'936'),(117,'1285'),(118,'917'),(119,'477'),(120,'890'),(121,'059'),(122,'937');
/*!40000 ALTER TABLE `channel` ENABLE KEYS */;
UNLOCK TABLES;

--
-- Table structure for table `genre`
--

DROP TABLE IF EXISTS `genre`;
/*!40101 SET @saved_cs_client     = @@character_set_client */;
/*!50503 SET character_set_client = utf8mb4 */;
CREATE TABLE `genre` (
  `genreId` int NOT NULL AUTO_INCREMENT,
  `genreName` varchar(50) DEFAULT NULL,
  PRIMARY KEY (`genreId`),
  UNIQUE KEY `genreName` (`genreName`)
) ENGINE=InnoDB AUTO_INCREMENT=28 DEFAULT CHARSET=utf8mb4 COLLATE=utf8mb4_0900_ai_ci;
/*!40101 SET character_set_client = @saved_cs_client */;

--
-- Dumping data for table `genre`
--

LOCK TABLES `genre` WRITE;
/*!40000 ALTER TABLE `genre` DISABLE KEYS */;
INSERT INTO `genre` VALUES (6,'Action'),(5,'Adventure'),(14,'Animated'),(17,'Biography'),(15,'Children'),(2,'Comedy'),(16,'Comedy drama'),(1,'Crime drama'),(19,'Dark comedy'),(9,'Docudrama'),(24,'Documentary'),(4,'Drama'),(10,'Fantasy'),(22,'Historical drama'),(3,'Holiday'),(20,'Horror'),(25,'Music'),(12,'Musical'),(13,'Musical comedy'),(23,'Mystery'),(26,'Rock'),(18,'Romance'),(11,'Romantic comedy'),(7,'Science fiction'),(8,'Thriller'),(27,'War'),(21,'Western');
/*!40000 ALTER TABLE `genre` ENABLE KEYS */;
UNLOCK TABLES;

--
-- Table structure for table `movie_channels`
--

DROP TABLE IF EXISTS `movie_channels`;
/*!40101 SET @saved_cs_client     = @@character_set_client */;
/*!50503 SET character_set_client = utf8mb4 */;
CREATE TABLE `movie_channels` (
  `movieId` varchar(16) NOT NULL,
  `channelId` int NOT NULL,
  PRIMARY KEY (`movieId`,`channelId`),
  KEY `channelId` (`channelId`),
  CONSTRAINT `movie_channels_ibfk_1` FOREIGN KEY (`movieId`) REFERENCES `movies` (`tmsId`),
  CONSTRAINT `movie_channels_ibfk_2` FOREIGN KEY (`channelId`) REFERENCES `channel` (`channelId`)
) ENGINE=InnoDB DEFAULT CHARSET=utf8mb4 COLLATE=utf8mb4_0900_ai_ci;
/*!40101 SET character_set_client = @saved_cs_client */;

--
-- Dumping data for table `movie_channels`
--

LOCK TABLES `movie_channels` WRITE;
/*!40000 ALTER TABLE `movie_channels` DISABLE KEYS */;
INSERT INTO `movie_channels` VALUES ('MV000119950000',1),('MV000120060000',1),('MV003946350000',2),('MV005074740000',2),('MV013919640000',2),('MV001971240000',3),('MV012087570000',3),('MV012684230000',3),('MV005834930000',4),('MV009458860000',4),('MV009507130000',4),('MV004742160000',5),('MV010573710000',5),('MV012712580000',5),('MV013928340000',5),('MV008489260000',6),('MV009632610000',6),('MV001801350000',7),('MV003752050000',7),('MV000002640000',8),('MV000009230000',8),('MV000012230000',8),('MV000041640000',8),('MV007739790000',9),('MV007787490000',9),('MV008583800000',9),('MV008859760000',10),('MV013643330000',10),('MV013916690000',10),('MV001926180000',11),('MV008321120000',11),('MV000493460000',12),('MV003302770000',12),('MV003857660000',12),('MV006653510000',12),('MV012052110000',13),('MV012674450000',13),('MV009510820000',14),('MV011947250000',14),('MV012256200000',14),('MV001568290000',15),('MV002725490000',15),('MV003246950000',15),('MV003275260000',15),('MV000420020000',16),('MV001315840000',16),('MV002139690000',16),('MV000521250000',17),('MV000993530000',17),('MV003221860000',18),('MV003622350000',18),('MV009468590000',18),('MV000426860000',19),('MV012921070000',19),('MV000283280000',20),('MV000515770000',20),('MV010484080000',20),('MV010850790000',20),('MV010936510000',20),('MV000072720000',21),('MV000083510000',21),('MV000159800000',21),('MV000691840000',22),('MV001738900000',22),('MV000612750000',23),('MV001857170000',23),('MV002405880000',23),('MV004005830000',23),('MV005724140000',24),('MV011875780000',24),('MV012211050000',24),('MV013745320000',24),('MV013891500000',24),('MV001109160000',25),('MV003734880000',25),('MV000430440000',26),('MV012528700000',26),('MV014537630000',26),('MV000077730000',27),('MV000096170000',27),('MV000171020000',27),('MV000861710000',28),('MV012777200000',28),('MV000075410000',29),('MV000323090000',29),('MV002236680000',29),('MV008200070000',29),('MV000925000000',30),('MV002799110000',30),('MV010142070000',30),('MV015283780000',30),('MV000178350000',31),('MV000383150000',31),('MV001476260000',31),('MV001711150000',31),('MV001204080000',32),('MV003756120000',32),('MV001550760000',33),('MV004798460000',33),('MV000159210000',34),('MV001315880000',34),('MV003246500000',34),('MV008976240000',34),('MV000077790000',35),('MV000120870000',35),('MV000709670000',35),('MV000158920000',36),('MV000213140000',36),('MV000271070000',36),('MV003685450000',37),('MV012062730000',37),('MV000087710000',38),('MV000324900000',39),('MV000359530000',39),('MV000474290000',39),('MV002070330000',40),('MV003529070000',40),('MV007782730000',40),('MV000000500000',41),('MV000016290000',41),('MV001810900000',42),('MV002310650000',42),('MV002762330000',42),('MV007734430000',42),('MV001937670000',43),('MV002733170000',43),('MV004572230000',43),('MV005465290000',43),('MV012658440000',44),('MV015339770000',44),('MV015339840000',44),('MV002384300000',45),('MV009358060000',45),('MV000159150000',46),('MV000199770000',46),('MV000266480000',46),('MV002730530000',46),('MV006138800000',47),('MV006695230000',47),('MV009975500000',47),('MV000399750000',48),('MV000468250000',48),('MV000613650000',48),('MV015257010000',49),('MV015257300000',49),('MV015257850000',49),('MV000271090000',50),('MV000433120000',50),('MV001719410000',50),('MV011982030000',51),('MV012071350000',51),('MV012075090000',51),('MV013385050000',51),('MV001980970000',52),('MV013212200000',52),('MV003466030000',53),('MV008663260000',53),('MV000214200000',54),('MV004036570000',54),('MV005521240000',54),('MV012001820000',54),('MV010234130000',55),('MV012617260000',55),('MV000124690000',56),('MV000438580000',57),('MV001776700000',58),('MV002342690000',58),('MV000418990000',59),('MV002024230000',59),('MV002110320000',59),('MV003867280000',59),('MV000335380000',60),('MV001448920000',60),('MV011013910000',60),('MV001223770000',61),('MV010777880000',61),('MV012082090000',61),('MV005429700000',62),('MV000025380000',63),('MV000083790000',63),('MV000656260000',63),('MV003711350000',64),('MV009894040000',64),('MV010196830000',64),('MV003572020000',65),('MV008227890000',65),('MV009051750000',65),('MV001646680000',66),('MV001779230000',66),('MV003635750000',66),('MV012871120000',66),('MV000352380000',67),('MV000796070000',67),('MV011853110000',67),('MV001067180000',68),('MV001541720000',68),('MV001917860000',68),('MV009471990000',68),('MV000325540000',69),('MV000544110000',69),('MV001812140000',69),('MV002149620000',69),('MV000524270000',70),('MV012568320000',70),('MV012952250000',70),('MV001341920000',71),('MV002725500000',71),('MV010390320000',71),('MV000237040000',72),('MV001252670000',72),('MV001283320000',72),('MV000280260000',73),('MV001861700000',73),('MV003358360000',73),('MV011856050000',73),('MV000344140000',74),('MV000524730000',74),('MV012987130000',74),('MV000416160000',75),('MV000475890000',75),('MV013203950000',75),('MV000381060000',76),('MV000827350000',76),('MV001752280000',76),('MV009444030000',76),('MV000135600000',77),('MV000380920000',77),('MV000428760000',77),('MV000232270000',78),('MV000358250000',78),('MV000519210000',78),('MV001240600000',78),('MV003728180000',79),('MV001170630000',80),('MV004039650000',80),('MV009807850000',80),('MV013450460000',80),('MV003845400000',81),('MV004100730000',81),('MV008803630000',81),('MV010300730000',81),('MV000129070000',82),('MV000260840000',82),('MV000280330000',82),('MV001522590000',83),('MV012256050000',83),('MV012729530000',83),('MV003294770000',84),('MV000114900000',85),('MV000398520000',85),('MV012578350000',85),('MV000383870000',86),('MV000631440000',86),('MV001983600000',86),('MV000002400000',87),('MV000322540000',88),('MV001253340000',88),('MV001328280000',88),('MV005634090000',89),('MV006430540000',89),('MV012108250000',89),('MV015556680000',89),('MV000369870000',90),('MV001426430000',90),('MV001433300000',90),('MV010740180000',91),('MV011859730000',92),('MV000506130000',93),('MV004991580000',93),('MV007565270000',93),('MV005520580000',94),('MV001067170000',95),('MV001913830000',95),('MV002324580000',96),('MV007920410000',96),('MV000186890000',97),('MV000232920000',98),('MV001664200000',98),('MV001485760000',99),('MV000442570000',100),('MV004797400000',101),('MV008900940000',101),('MV000053290000',102),('MV000316640000',102),('MV000378460000',102),('MV000163300000',103),('MV000269690000',103),('MV000239790000',104),('MV000263350000',104),('MV000275110000',104),('MV002143870000',105),('MV012504390000',105),('MV003679220000',106),('MV010512970000',107),('MV001792100000',108),('MV008891990000',108),('MV013773420000',109),('MV015255320000',109),('MV015385760000',109),('MV000040340000',110),('MV000274270000',110),('MV005293220000',111),('MV014358540000',112),('MV001959240000',113),('MV003394050000',113),('MV000022590000',114),('MV000052640000',114),('MV000072990000',114),('MV008253040000',115),('MV009916310000',115),('MV010498540000',115),('MV002130190000',116),('MV012819030000',116),('MV015228840000',116),('MV002489880000',117),('MV001230890000',118),('MV000131700000',119),('MV000757010000',120),('MV005859490000',120),('MV011779400000',121),('MV004035420000',122);
/*!40000 ALTER TABLE `movie_channels` ENABLE KEYS */;
UNLOCK TABLES;

--
-- Table structure for table `movie_genres`
--

DROP TABLE IF EXISTS `movie_genres`;
/*!40101 SET @saved_cs_client     = @@character_set_client */;
/*!50503 SET character_set_client = utf8mb4 */;
CREATE TABLE `movie_genres` (
  `movieId` varchar(16) NOT NULL,
  `genreId` int NOT NULL,
  PRIMARY KEY (`movieId`,`genreId`),
  KEY `genreId` (`genreId`),
  CONSTRAINT `movie_genres_ibfk_1` FOREIGN KEY (`movieId`) REFERENCES `movies` (`tmsId`),
  CONSTRAINT `movie_genres_ibfk_2` FOREIGN KEY (`genreId`) REFERENCES `genre` (`genreId`)
) ENGINE=InnoDB DEFAULT CHARSET=utf8mb4 COLLATE=utf8mb4_0900_ai_ci;
/*!40101 SET character_set_client = @saved_cs_client */;

--
-- Dumping data for table `movie_genres`
--

LOCK TABLES `movie_genres` WRITE;
/*!40000 ALTER TABLE `movie_genres` DISABLE KEYS */;
INSERT INTO `movie_genres` VALUES ('MV000119950000',1),('MV000120060000',1),('MV000631440000',1),('MV001550760000',1),('MV001957140000',1),('MV001983600000',1),('MV003294770000',1),('MV004039650000',1),('MV005634090000',1),('MV008976240000',1),('MV010936510000',1),('MV012256050000',1),('MV012712580000',1),('MV012921070000',1),('MV013928340000',1),('MV015228840000',1),('MV015556680000',1),('MV000000500000',2),('MV000016290000',2),('MV000072720000',2),('MV000083510000',2),('MV000114900000',2),('MV000159150000',2),('MV000159210000',2),('MV000159800000',2),('MV000178350000',2),('MV000186890000',2),('MV000199770000',2),('MV000232920000',2),('MV000266480000',2),('MV000280260000',2),('MV000282330000',2),('MV000324900000',2),('MV000359530000',2),('MV000381060000',2),('MV000416160000',2),('MV000418990000',2),('MV000420020000',2),('MV000428760000',2),('MV000438580000',2),('MV000474290000',2),('MV000475890000',2),('MV000544110000',2),('MV000612750000',2),('MV000827350000',2),('MV001067170000',2),('MV001067180000',2),('MV001109160000',2),('MV001223770000',2),('MV001315840000',2),('MV001328280000',2),('MV001341920000',2),('MV001396200000',2),('MV001509140000',2),('MV001541720000',2),('MV001669860000',2),('MV001711150000',2),('MV001719410000',2),('MV001752280000',2),('MV001779230000',2),('MV001812140000',2),('MV001917860000',2),('MV002024230000',2),('MV002139690000',2),('MV002149620000',2),('MV002405880000',2),('MV002799110000',2),('MV003221860000',2),('MV003358360000',2),('MV003466030000',2),('MV003529070000',2),('MV003572020000',2),('MV003635750000',2),('MV003711350000',2),('MV003734880000',2),('MV003857660000',2),('MV003946350000',2),('MV004036570000',2),('MV004100730000',2),('MV004798460000',2),('MV005074740000',2),('MV005465290000',2),('MV005520580000',2),('MV005521240000',2),('MV006653510000',2),('MV007739790000',2),('MV007787490000',2),('MV008227890000',2),('MV008859760000',2),('MV009051750000',2),('MV009399060000',2),('MV009507130000',2),('MV009510820000',2),('MV009894040000',2),('MV010196830000',2),('MV010234130000',2),('MV010300730000',2),('MV010390320000',2),('MV010740180000',2),('MV010777880000',2),('MV010850790000',2),('MV011013910000',2),('MV011779400000',2),('MV011853110000',2),('MV011859730000',2),('MV012010760000',2),('MV012052110000',2),('MV012062730000',2),('MV012082090000',2),('MV012211050000',2),('MV013745320000',2),('MV013773420000',2),('MV013891500000',2),('MV013916690000',2),('MV014519930000',2),('MV015385760000',2),('MV015463740000',2),('MV000131700000',3),('MV000159800000',3),('MV000282330000',3),('MV000324900000',3),('MV000325540000',3),('MV000359530000',3),('MV000438580000',3),('MV001396200000',3),('MV001396250000',3),('MV001646680000',3),('MV001669860000',3),('MV001801350000',3),('MV001980970000',3),('MV003635750000',3),('MV003752050000',3),('MV005074740000',3),('MV005293220000',3),('MV007734430000',3),('MV010512970000',3),('MV011982030000',3),('MV012071350000',3),('MV012075090000',3),('MV013203950000',3),('MV013212200000',3),('MV013385050000',3),('MV015257010000',3),('MV015257300000',3),('MV015257850000',3),('MV000120060000',4),('MV000163300000',4),('MV000232270000',4),('MV000237040000',4),('MV000271090000',4),('MV000335380000',4),('MV000344140000',4),('MV000358250000',4),('MV000369870000',4),('MV000383150000',4),('MV000399750000',4),('MV000430440000',4),('MV000433120000',4),('MV000468250000',4),('MV000515770000',4),('MV000519210000',4),('MV000757010000',4),('MV000993530000',4),('MV001170630000',4),('MV001204080000',4),('MV001252670000',4),('MV001283320000',4),('MV001426430000',4),('MV001433300000',4),('MV001664200000',4),('MV001792100000',4),('MV001810900000',4),('MV002070330000',4),('MV002110320000',4),('MV002130190000',4),('MV002236680000',4),('MV002384300000',4),('MV002730530000',4),('MV002762330000',4),('MV003246500000',4),('MV003752050000',4),('MV003756120000',4),('MV003845400000',4),('MV003867280000',4),('MV004005830000',4),('MV004035420000',4),('MV005859490000',4),('MV006138800000',4),('MV006695230000',4),('MV007734430000',4),('MV007782730000',4),('MV008803630000',4),('MV009358060000',4),('MV009468590000',4),('MV009975500000',4),('MV010498540000',4),('MV011982030000',4),('MV012071350000',4),('MV012075090000',4),('MV012087570000',4),('MV012578350000',4),('MV012658440000',4),('MV012684230000',4),('MV012777200000',4),('MV012987130000',4),('MV013450460000',4),('MV013919640000',4),('MV013950090000',4),('MV015238460000',4),('MV015339770000',4),('MV015339840000',4),('MV000053290000',5),('MV000077730000',5),('MV000083790000',5),('MV000158920000',5),('MV000213140000',5),('MV000232920000',5),('MV000254520000',5),('MV000260840000',5),('MV000271070000',5),('MV000275110000',5),('MV000335380000',5),('MV000368390000',5),('MV000442570000',5),('MV000506130000',5),('MV000613650000',5),('MV001240600000',5),('MV001448920000',5),('MV001485760000',5),('MV001522590000',5),('MV001568290000',5),('MV001738900000',5),('MV001812140000',5),('MV001959240000',5),('MV002149620000',5),('MV002725490000',5),('MV002725500000',5),('MV003246950000',5),('MV003275260000',5),('MV003622350000',5),('MV003679220000',5),('MV003685450000',5),('MV004036570000',5),('MV004885240000',5),('MV004991580000',5),('MV005520580000',5),('MV005521240000',5),('MV005834930000',5),('MV007565270000',5),('MV007739790000',5),('MV007787490000',5),('MV008489260000',5),('MV008900940000',5),('MV009458860000',5),('MV009468590000',5),('MV009507130000',5),('MV009632610000',5),('MV010234130000',5),('MV010390320000',5),('MV010512970000',5),('MV010740180000',5),('MV010777880000',5),('MV011013910000',5),('MV011853110000',5),('MV011859730000',5),('MV012001820000',5),('MV012010760000',5),('MV012052110000',5),('MV012062730000',5),('MV012082090000',5),('MV012617260000',5),('MV013916690000',5),('MV015463740000',5),('MV000002400000',6),('MV000053290000',6),('MV000077790000',6),('MV000120870000',6),('MV000158920000',6),('MV000213140000',6),('MV000271070000',6),('MV000316640000',6),('MV000322540000',6),('MV000335380000',6),('MV000368390000',6),('MV000383870000',6),('MV000420020000',6),('MV000468250000',6),('MV000493460000',6),('MV000506130000',6),('MV000613650000',6),('MV000656260000',6),('MV000709670000',6),('MV000925000000',6),('MV001253340000',6),('MV001315840000',6),('MV001448920000',6),('MV001476260000',6),('MV001522590000',6),('MV001550760000',6),('MV001738900000',6),('MV001776700000',6),('MV002139690000',6),('MV002324580000',6),('MV002342690000',6),('MV002725490000',6),('MV002725500000',6),('MV002799110000',6),('MV003246950000',6),('MV003275260000',6),('MV003394050000',6),('MV003679220000',6),('MV004039650000',6),('MV004742160000',6),('MV004797400000',6),('MV004991580000',6),('MV005520580000',6),('MV005521240000',6),('MV005834930000',6),('MV006430540000',6),('MV007565270000',6),('MV007920410000',6),('MV008200070000',6),('MV008489260000',6),('MV009051750000',6),('MV009458860000',6),('MV009468590000',6),('MV009507130000',6),('MV009632610000',6),('MV009894040000',6),('MV010234130000',6),('MV010390320000',6),('MV010484080000',6),('MV010573710000',6),('MV010740180000',6),('MV010777880000',6),('MV010936510000',6),('MV011859730000',6),('MV012062730000',6),('MV012108250000',6),('MV012256050000',6),('MV012712580000',6),('MV012819030000',6),('MV013072000000',6),('MV013618560000',6),('MV015335500000',6),('MV000025380000',7),('MV000083790000',7),('MV000098440000',7),('MV000254520000',7),('MV000316640000',7),('MV000368390000',7),('MV000378460000',7),('MV000506130000',7),('MV000613650000',7),('MV000656260000',7),('MV001067180000',7),('MV001448920000',7),('MV001779230000',7),('MV003246950000',7),('MV003679220000',7),('MV003857660000',7),('MV005521240000',7),('MV005834930000',7),('MV009458860000',7),('MV012819030000',7),('MV013618560000',7),('MV000096170000',8),('MV000171020000',8),('MV000280260000',8),('MV000283280000',8),('MV000368390000',8),('MV000369870000',8),('MV000399750000',8),('MV000631440000',8),('MV001170630000',8),('MV001204080000',8),('MV001315880000',8),('MV001550760000',8),('MV001983600000',8),('MV002236680000',8),('MV002342690000',8),('MV002730530000',8),('MV002738300000',8),('MV003294770000',8),('MV003302770000',8),('MV004797400000',8),('MV005834930000',8),('MV006138800000',8),('MV008976240000',8),('MV009458860000',8),('MV010573710000',8),('MV011875780000',8),('MV012256050000',8),('MV012568320000',8),('MV012712580000',8),('MV012952250000',8),('MV013072000000',8),('MV013584170000',8),('MV013618560000',8),('MV013928340000',8),('MV013942100000',8),('MV015335500000',8),('MV004742160000',9),('MV005429700000',9),('MV008253040000',9),('MV000087710000',10),('MV000214200000',10),('MV000269690000',10),('MV000325540000',10),('MV000442570000',10),('MV000506130000',10),('MV001067170000',10),('MV001396200000',10),('MV001448920000',10),('MV001485760000',10),('MV001812140000',10),('MV002139690000',10),('MV002149620000',10),('MV002324580000',10),('MV002725490000',10),('MV002725500000',10),('MV003221860000',10),('MV003275260000',10),('MV003685450000',10),('MV004036570000',10),('MV004885240000',10),('MV004991580000',10),('MV005520580000',10),('MV007565270000',10),('MV007920410000',10),('MV008489260000',10),('MV008900940000',10),('MV009468590000',10),('MV009507130000',10),('MV009632610000',10),('MV010234130000',10),('MV010390320000',10),('MV010512970000',10),('MV010777880000',10),('MV011013910000',10),('MV011853110000',10),('MV011856050000',10),('MV012052110000',10),('MV013916690000',10),('MV000524270000',11),('MV000524730000',11),('MV000861710000',11),('MV001396250000',11),('MV001646680000',11),('MV001801350000',11),('MV001861700000',11),('MV001913830000',11),('MV002733170000',11),('MV005724140000',11),('MV011856050000',11),('MV012256200000',11),('MV012871120000',11),('MV013203950000',11),('MV000002640000',12),('MV000009230000',12),('MV000012230000',12),('MV000040340000',12),('MV000041640000',12),('MV000087710000',12),('MV000135600000',12),('MV000274270000',12),('MV003867280000',12),('MV008321120000',12),('MV012674450000',12),('MV013643330000',12),('MV000129070000',13),('MV000380920000',13),('MV004885240000',13),('MV008583800000',13),('MV008900940000',13),('MV010512970000',13),('MV012001820000',13),('MV000214200000',14),('MV000260840000',14),('MV001067170000',14),('MV003622350000',14),('MV004036570000',14),('MV004885240000',14),('MV005521240000',14),('MV007739790000',14),('MV007787490000',14),('MV008583800000',14),('MV008900940000',14),('MV010740180000',14),('MV011853110000',14),('MV011859730000',14),('MV012001820000',14),('MV012010760000',14),('MV012052110000',14),('MV012062730000',14),('MV012082090000',14),('MV012674450000',14),('MV013643330000',14),('MV013916690000',14),('MV015463740000',14),('MV000077730000',15),('MV000087710000',15),('MV000129070000',15),('MV000214200000',15),('MV000232920000',15),('MV000254520000',15),('MV000260840000',15),('MV000324900000',15),('MV000359530000',15),('MV000381060000',15),('MV000442570000',15),('MV000474290000',15),('MV000544110000',15),('MV001067170000',15),('MV001223770000',15),('MV001341920000',15),('MV001396200000',15),('MV001485760000',15),('MV001541720000',15),('MV001669860000',15),('MV001812140000',15),('MV001917860000',15),('MV002149620000',15),('MV003466030000',15),('MV003622350000',15),('MV003685450000',15),('MV004036570000',15),('MV004885240000',15),('MV005520580000',15),('MV005521240000',15),('MV007739790000',15),('MV007787490000',15),('MV008583800000',15),('MV008859760000',15),('MV008900940000',15),('MV010234130000',15),('MV010512970000',15),('MV010740180000',15),('MV011853110000',15),('MV011859730000',15),('MV012001820000',15),('MV012010760000',15),('MV012052110000',15),('MV012062730000',15),('MV012082090000',15),('MV012617260000',15),('MV013916690000',15),('MV015463740000',15),('MV000131700000',16),('MV000239790000',16),('MV000280330000',16),('MV000325540000',16),('MV000352380000',16),('MV000398520000',16),('MV000521250000',16),('MV000796070000',16),('MV001980970000',16),('MV002310650000',16),('MV002489880000',16),('MV004572230000',16),('MV008321120000',16),('MV009471990000',16),('MV010142070000',16),('MV011947250000',16),('MV012504390000',16),('MV012674450000',16),('MV013212200000',16),('MV013643330000',16),('MV001792100000',17),('MV001926180000',17),('MV001957140000',17),('MV003246500000',17),('MV005429700000',17),('MV008891990000',17),('MV010498540000',17),('MV012528700000',17),('MV012578350000',17),('MV015238460000',17),('MV000135600000',18),('MV000325540000',18),('MV000757010000',18),('MV001426430000',18),('MV001664200000',18),('MV001926180000',18),('MV002070330000',18),('MV002384300000',18),('MV002730530000',18),('MV002762330000',18),('MV003756120000',18),('MV005293220000',18),('MV007782730000',18),('MV008321120000',18),('MV011982030000',18),('MV012075090000',18),('MV013385050000',18),('MV013745320000',18),('MV015257010000',18),('MV015257300000',18),('MV015257850000',18),('MV002143870000',19),('MV012568320000',19),('MV012921070000',19),('MV000098440000',20),('MV001509140000',20),('MV001857170000',20),('MV002143870000',20),('MV002324580000',20),('MV002405880000',20),('MV002738300000',20),('MV003728180000',20),('MV007920410000',20),('MV012568320000',20),('MV012952250000',20),('MV013942100000',20),('MV014519930000',20),('MV000016290000',21),('MV000022590000',21),('MV000052640000',21),('MV000072990000',21),('MV000075410000',21),('MV000124690000',21),('MV000263350000',21),('MV000323090000',21),('MV010300730000',21),('MV012987130000',21),('MV013584170000',21),('MV000124690000',22),('MV000426860000',22),('MV000691840000',22),('MV001568290000',22),('MV001937670000',22),('MV001971240000',22),('MV008891990000',22),('MV009807850000',22),('MV012528700000',22),('MV012729530000',22),('MV000468250000',23),('MV003302770000',23),('MV008663260000',23),('MV009468590000',23),('MV011013910000',23),('MV012082090000',23),('MV001230890000',24),('MV008253040000',24),('MV009444030000',24),('MV009916310000',24),('MV010498540000',24),('MV011727750000',24),('MV013787510000',24),('MV014358540000',24),('MV014537630000',24),('MV015255320000',24),('MV015283780000',24),('MV014358540000',25),('MV015255320000',25),('MV014358540000',26),('MV000796070000',27),('MV001568290000',27),('MV008891990000',27),('MV012729530000',27);
/*!40000 ALTER TABLE `movie_genres` ENABLE KEYS */;
UNLOCK TABLES;

--
-- Table structure for table `movie_theatres`
--

DROP TABLE IF EXISTS `movie_theatres`;
/*!40101 SET @saved_cs_client     = @@character_set_client */;
/*!50503 SET character_set_client = utf8mb4 */;
CREATE TABLE `movie_theatres` (
  `movieId` varchar(16) NOT NULL,
  `theatreId` int NOT NULL,
  PRIMARY KEY (`movieId`,`theatreId`),
  KEY `theatreId` (`theatreId`),
  CONSTRAINT `movie_theatres_ibfk_1` FOREIGN KEY (`movieId`) REFERENCES `movies` (`tmsId`),
  CONSTRAINT `movie_theatres_ibfk_2` FOREIGN KEY (`theatreId`) REFERENCES `theatre` (`theatreId`)
) ENGINE=InnoDB DEFAULT CHARSET=utf8mb4 COLLATE=utf8mb4_0900_ai_ci;
/*!40101 SET character_set_client = @saved_cs_client */;

--
-- Dumping data for table `movie_theatres`
--

LOCK TABLES `movie_theatres` WRITE;
/*!40000 ALTER TABLE `movie_theatres` DISABLE KEYS */;
INSERT INTO `movie_theatres` VALUES ('MV011727750000',4604),('MV013787510000',4604),('MV000098440000',5084),('MV000254520000',5084),('MV000282330000',5084),('MV001396200000',5084),('MV001396250000',5084),('MV001509140000',5084),('MV012010760000',5084),('MV013618560000',5084),('MV014519930000',5084),('MV015238460000',5084),('MV002738300000',5320),('MV009399060000',5320),('MV012010760000',5320),('MV013072000000',5320),('MV013584170000',5320),('MV013618560000',5320),('MV013942100000',5320),('MV014519930000',5320),('MV015335500000',5320),('MV015463740000',5320),('EV000000226201',8298),('MV000368390000',8749),('MV001396200000',8749),('MV001669860000',8749),('MV001957140000',8749),('MV004885240000',8749),('MV012010760000',8749),('MV013942100000',8749),('MV013950090000',8749),('MV014519930000',8749),('MV015335500000',8749);
/*!40000 ALTER TABLE `movie_theatres` ENABLE KEYS */;
UNLOCK TABLES;

--
-- Table structure for table `movies`
--

DROP TABLE IF EXISTS `movies`;
/*!40101 SET @saved_cs_client     = @@character_set_client */;
/*!50503 SET character_set_client = utf8mb4 */;
CREATE TABLE `movies` (
  `tmsId` varchar(16) NOT NULL,
  `title` varchar(50) DEFAULT NULL,
  `releaseYear` varchar(50) DEFAULT NULL,
  `description` varchar(1000) DEFAULT NULL,
  PRIMARY KEY (`tmsId`)
) ENGINE=InnoDB DEFAULT CHARSET=utf8mb4 COLLATE=utf8mb4_0900_ai_ci;
/*!40101 SET character_set_client = @saved_cs_client */;

--
-- Dumping data for table `movies`
--

LOCK TABLES `movies` WRITE;
/*!40000 ALTER TABLE `movies` DISABLE KEYS */;
INSERT INTO `movies` VALUES ('EV000000226201','No Films Showing Today','None',NULL),('MV000000500000','Caddyshack','1980','Danny Noonan (Michael O\'Keefe), a teen down on his luck, works as a caddy at the snob-infested Bushwood Country Club to raise money for his college education. In an attempt to gain votes for a college scholarship reserved for caddies, Noonan volunteers to caddy for a prominent and influential club member (Ted Knight). Meanwhile, Danny struggles to prepare for the high pressure Caddy Day golf tournament while absorbing New Age advice from wealthy golf guru Ty Webb (Chevy Chase).'),('MV000002400000','You Only Live Twice','1967','During the Cold War, American and Russian spacecrafts go missing, leaving each superpower believing the other is to blame. As the world teeters on the brink of nuclear war, British intelligence learns that one of the crafts has landed in the Sea of Japan. After faking his own death, secret agent James Bond (Sean Connery) is sent to investigate. In Japan, he\'s aided by Tiger Tanaka (Tetsuro Tamba) and the beautiful Aki (Akiko Wakabayashi), who help him uncover a sinister global conspiracy.'),('MV000002640000','Frankie and Johnny','1966','Habitual gambler and musician Johnny (Elvis Presley) performs at a riverboat casino on the Mississippi River, along with his girlfriend, Frankie (Donna Douglas). A rash of bad luck leads Johnny to a fortuneteller, who informs him of a redheaded good luck charm. Enter Nellie Bly (Nancy Kovack), the lover of Johnny\'s boss, whose presence coincides with a change in Johnny\'s luck. But Frankie grows jealous of Johnny\'s new acquaintance, and the conflict comes to a head during a masquerade ball.'),('MV000009230000','Follow That Dream','1962','Pop Kwimpel (Arthur O\'Connell), son Toby (Elvis Presley) and their ragtag clan of adopted orphans wind up marooned on the side of the road in Florida, so they set up a makeshift home on the beach. Soon, uptight local bureaucrat H. Arthur King (Alan Hewitt) orders them off the land, but the state government doesn\'t back him up. An enraged King then sets out to get his way, using manipulative social worker Alisha Claypoole (Joanna Moore) as part of his scheme to evict the Kwimpels.'),('MV000012230000','Kid Galahad','1962','Fresh out of the military and flat broke, Walter Gulick (Elvis Presley) takes the only job he can find -- as a sparring partner at the local gym. Willy (Gig Young), the owner of the gym, sees potential in Walter as a professional fighter, and takes him under his wing. Willy hopes that Walter will earn enough money fighting in the ring to help him pay off his many gambling debts. Walter, on the other hand, hopes that he can earn the attention of Willy\'s little sister Rose (Joan Blackman).'),('MV000016290000','Blazing Saddles','1974','In this satirical take on Westerns, crafty railroad worker Bart (Cleavon Little) becomes the first black sheriff of Rock Ridge, a frontier town about to be destroyed in order to make way for a new railroad. Initially, the people of Rock Ridge harbor a racial bias toward their new leader. However, they warm to him after realizing that Bart and his perpetually drunk gunfighter friend (Gene Wilder) are the only defense against a wave of thugs sent to rid the town of its population.'),('MV000022590000','Devil\'s Canyon','1953','Abby (Virginia Mayo) runs with a brutal group of robbers in the Arizona Territory, but when she learns that members of her gang are targeting Billy (Dale Robertson), an old acquaintance, she tips him off. Billy kills the would-be assailants and is sent to prison, where he is incarcerated with Jessie (Stephen McNally), who is both the brother of the men Billy killed and Abby\'s lover. When Abby also gets locked up, her allegiance to the two rivals makes for an explosive situation.'),('MV000025380000','Star Trek: The Motion Picture','1979','The Federation calls on Adm. James T. Kirk (William Shatner) and the crew of the Starship Enterprise to contain an immense nimbused object that\'s on a crash course with Earth. After investigating, the crew discovers that the alien cloud harbors artificial intelligence with an ominous primary directive. Crisis strikes when a probe dispatched by the energy cloud attacks the crew, abducting navigator Lt. Ilia (Persis Khambatta). An android look-alike containing her memories shows up soon after.'),('MV000040340000','Viva Las Vegas','1964','All musically gifted race-driver Lucky Jackson (Elvis Presley) wants in Las Vegas is to score enough money for a new car motor so he can win the Grand Prix. When he encounters sexy swimming instructor Rusty (Ann-Margret), he considers staying around longer. After Lucky loses his winnings in the hotel pool, he\'s forced to remain in Vegas long enough to win back his dough -- but now he also wants to win the Rusty\'s heart. Unfortunately, so does his slick racing enemy, Elmo (Cesare Danova).'),('MV000041640000','Clambake','1967','A wealthy young man, Scott Heyward (Elvis Presley) wants to experience life outside of his privileged upbringing. When he meets Tom Wilson (Will Hutchins), an earnest water-skiing instructor, Scott offers to trade places with him. As Tom warms up to the good life, Scott gets used to a less luxurious existence and falls for Dianne Carter (Shelley Fabares), who, ironically, is hoping to meet a rich man. Sticking to his humble guise, Scott tries to woo Dianne without the benefit of his true status.'),('MV000052640000','Pat Garrett and Billy the Kid','1973','Sheriff Pat Garrett (James Coburn) is ordered by Governor Wallace (Jason Robards) to go after the outlaw Billy the Kid (Kris Kristofferson) because the cattle businessmen want him caught. Although Garrett and Billy are old friends, the lawman must abide by his duty. However, Garrett and his deputies have great difficulty catching Billy, who is very cunning. Along the way, Billy also gains the assistance of Alias (Bob Dylan), a mysterious knife-wielding stranger.'),('MV000053290000','Mad Max','1979','In a not-too-distant dystopian future, when man\'s most precious resource -- oil -- has been depleted and the world plunged into war, famine and financial chaos, the last vestiges of the law in Australia attempt to restrain a vicious biker gang. Max (Mel Gibson), an officer with the Main Force Patrol, launches a personal vendetta against the gang when his wife (Joanne Samuel) and son are hunted down and murdered, leaving him with nothing but the instincts for survival and retribution.'),('MV000072720000','The Man Who Came to Dinner','1941','While on a speaking tour in Ohio, opinionated and arrogant radio personality Sheridan Whiteside (Monty Woolley) injures himself slipping on ice and becomes an unexpected houseguest for a prominent area family, the Stanleys. Whiteside proceeds to make brash proclamations and offer his unsolicited advice to the family members. When a romance begins between Whiteside\'s assistant, Maggie Cutler (Bette Davis), and a local reporter, Bert Jefferson (Richard Travis), he interferes with that as well.'),('MV000072990000','Gunpoint','1966','Near the Wild West town of Lodgepole, Colo., Sheriff Chad Lucas (Audie Murphy) gets shot during a train robbery -- not by the robbers, but by his jealous deputy, Cap. Hold (Denver Pyle), who believes he should be sheriff. Left to die, Chad rallies and goes off in search of the train robbers. Tracking them down in New Mexico, Chad and saloon owner Nate (Warren Stevens) chase after gang leader Drago (Morgan Woodward), who has taken Chad\'s ex-lover Uvalde (Joan Staley) as a hostage.'),('MV000075410000','True Grit','1969','After hired hand Tom Chaney (Jeff Corey) murders the father of 14-year-old Mattie Ross (Kim Darby), she seeks vengeance and hires U.S. Marshal \"Rooster\" Cogburn (John Wayne), a man of \"true grit,\" to track Chaney into Indian territory. As the two begin their pursuit, a Texas Ranger, La Boeuf (Glen Campbell), joins the manhunt in hopes of capturing Chaney for the murder of a Texas senator and collecting a substantial reward. The three clash on their quest of bringing to justice the same man.'),('MV000077730000','The Black Stallion','1979','Alec (Kelly Reno) encounters a magnificent black Arabian horse while traveling aboard a steamship around the coast of North Africa with his father (Hoyt Axton). When a disaster destroys the ship, Alec frees the horse and escapes with it to a nearby island, where they form a close bond. When Alec is rescued, he insists the horse be rescued too, and both return to America. There, Alec and former jockey Henry (Mickey Rooney) work to train the horse, which Alec names \"The Black,\" for a race.'),('MV000077790000','Live and Let Die','1973','When Bond (Roger Moore) investigates the murders of three fellow agents, he finds himself a target, evading vicious assassins as he closes in on powerful Kananga (Yaphet Kotto). Known on the streets as Mr. Big, Kananga is coordinating a global threat, using tons of self-produced heroin. As Bond tries to unravel the mastermind\'s plan, he meets Solitaire (Jane Seymour), a beautiful tarot-card reader, whose magic is crucial to the crime lord.'),('MV000083510000','With Six You Get Eggroll','1968','Abby McClure (Doris Day) starts dating Jake Iverson (Brian Keith), and soon they\'re planning a wedding. But the relationship is complicated, as widow Abby\'s three sons clash with the daughter Jake fathered with his late wife. One night, a misunderstanding lands Abby in jail, and when the four children learn of the incident, they help Jake bring her home. Though they wouldn\'t have planned it this way, these new family members just might be getting over their growing pains.'),('MV000083790000','Star Trek II: The Wrath of Khan','1982','As Adm. James T. Kirk (William Shatner) and Capt. Spock (Leonard Nimoy) monitor trainees at Starfleet Academy, another vessel from the United Federation of Planets is about to try out the planet-creating Genesis Device in a seemingly deserted portion of space. In the process, two of Kirk\'s officers are captured by Khan (Ricardo Montalban), an enemy Kirk thought he\'d never see again. Once more, Kirk takes the Enterprise\'s helm, where he meets Khan\'s ship in an intergalactic showdown.'),('MV000087710000','The Wizard of Oz','1939','When a tornado rips through Kansas, Dorothy (Judy Garland) and her dog, Toto, are whisked away in their house to the magical land of Oz. They follow the Yellow Brick Road toward the Emerald City to meet the Wizard, and en route they meet a Scarecrow (Ray Bolger) that needs a brain, a Tin Man (Jack Haley) missing a heart, and a Cowardly Lion (Bert Lahr) who wants courage. The wizard asks the group to bring him the broom of the Wicked Witch of the West (Margaret Hamilton) to earn his help.'),('MV000096170000','The Man Who Knew Too Much','1956','Dr. Ben McKenna (James Stewart) is on vacation with his wife (Doris Day) and son in Morocco when a chance encounter with a stranger sets their trip, and their lives, on a drastically different course. The stranger, killed in front of the family in the marketplace, reveals an assassination plot to the Americans. The couple\'s son is abducted in order to ensure the plot is kept secret, and suddenly the mother and father, with no help from the police, must figure out a way to get their child back.'),('MV000098440000','The Thing','1982','In remote Antarctica, a group of American research scientists are disturbed at their base camp by a helicopter shooting at a sled dog. When they take in the dog, it brutally attacks both human beings and canines in the camp and they discover that the beast can assume the shape of its victims. A resourceful helicopter pilot (Kurt Russell) and the camp doctor (Richard Dysart) lead the camp crew in a desperate, gory battle against the vicious creature before it picks them all off, one by one.'),('MV000114900000','Bachelor Party','1984','On the eve of his wedding to his longtime girlfriend, Debbie (Tawny Kitaen), unassuming nice guy Rick (Tom Hanks) is dragged out for a night of debauchery by his friends. The gang includes cocky Jay (Adrian Zmed), self-appointed ringleader of the party, and depressed, recently divorced Brad (Bradford Bancroft). Along the way, they run into Debbie\'s wealthy, disapproving father (George Grizzard) and her ex-boyfriend, Cole (Robert Prescott), who attempt to stop the wedding in an unexpected way.'),('MV000119950000','The Godfather, Part II','1974','The compelling sequel to \"The Godfather,\" contrasting the life of Corleone father and son. Traces the problems of Michael Corleone (Al Pacino) in 1958 and that of a young immigrant Vito Corleone (Robert De Niro) in 1917\'s Hell\'s Kitchen. Michael survives many misfortunes and Vito is introduced to a life of crime.'),('MV000120060000','The Godfather','1972','Widely regarded as one of the greatest films of all time, this mob drama, based on Mario Puzo\'s novel of the same name, focuses on the powerful Italian-American crime family of Don Vito Corleone (Marlon Brando). When the don\'s youngest son, Michael (Al Pacino), reluctantly joins the Mafia, he becomes involved in the inevitable cycle of violence and betrayal. Although Michael tries to maintain a normal relationship with his wife, Kay (Diane Keaton), he is drawn deeper into the family business.'),('MV000120870000','Thunderball','1965','Led by one-eyed evil mastermind Emilio Largo (Adolfo Celi), the terrorist group SPECTRE hijacks two warheads from a NATO plane and threatens widespread nuclear destruction to extort 100 million pounds. The dashing Agent 007, James Bond (Sean Connery), is sent to recover the warheads from the heart of Largo\'s lair in the Bahamas, facing underwater attacks from sharks and men alike. He must also convince the enchanting Domino (Claudine Auger), Largo\'s mistress, to become a key ally.'),('MV000124690000','Dances With Wolves','1990','A Civil War soldier develops a relationship with a band of Lakota Indians. Attracted by the simplicity of their lifestyle, he chooses to leave his former life behind to be with them. Having observed him, they give the name Dances With Wolves. Soon he is a welcomed member of the tribe and falls in love with a white woman who has been raised in the tribe. Tragedy results when Union soldiers arrive with designs on the land.'),('MV000129070000','Annie','1982','An orphan in a facility run by the mean Miss Hannigan (Carol Burnett), Annie (Aileen Quinn) believes that her parents left her there by mistake. When a rich man named Oliver \"Daddy\" Warbucks (Albert Finney) decides to let an orphan live at his home to promote his image, Annie is selected. While Annie gets accustomed to living in Warbucks\' mansion, she still longs to meet her parents. So Warbucks announces a search for them and a reward, which brings out many frauds.'),('MV000131700000','Father Knows Best: Home for Christmas','1977','Stars (Robert Young, Jane Wyatt, Billy Gray) of the 1954-63 \"Father Knows Best\" TV series re-create their roles for a family holiday.'),('MV000135600000','Grease','1978','Experience the friendships, romances and adventures of a group of high school kids in the 1950s. Welcome to the singing and dancing world of \"Grease,\" the most successful movie musical of all time. A wholesome exchange student (Olivia Newton-John) and a leather-clad Danny (John Travolta) have a summer romance, but will it cross clique lines?'),('MV000158920000','Raiders of the Lost Ark','1981','Dr. Indiana Jones, a renowned archeologist and expert in the occult, is hired by the U.S. Government to find the ark of the covenant, which is believed to still hold the Ten Commandments. Unfortunately, Hitler\'s agents are also after the ark. Indy and his ex-flame Marion escape from various close scrapes in a quest that takes them from Nepal to Cairo.'),('MV000159150000','Monty Python\'s The Meaning of Life','1983','The stages of life are told through multiple sketches and songs by the British comedy troupe. The seven parts of life cover birth, growing up, war, middle age, organ transplants, old age and death. Not all stages are singular: \"Part I: The Miracle of Birth\" is from the perspective of an ignored woman in labor, and of a Roman Catholic couple with too many children, and \"Part VII: Death\" encompasses a funeral and heaven. Added are three unrelated skits placed in the beginning, middle and end.'),('MV000159210000','Semi-Tough','1977','Billy Clyde Puckett (Burt Reynolds) and Marvin \"Shake\" Tiller (Kris Kristofferson) are professional football players who share a lush Miami apartment with Barbara Jane Bookman (Jill Clayburgh), the pretty young daughter of their team\'s owner (Robert Preston). When Barbara develops feelings for Shake and the two begin a relationship, he insists that she join him at B.E.A.T., a New Age training program run by the shady Friedrich Bismark (Bert Convy).'),('MV000159800000','It Happened on 5th Avenue','1947','While rich businessman Mike O\'Connor (Charles Ruggles) resides in Virginia, his luxury townhouse in New York City appears vacant. However, in reality, drifter Aloysius \"Mac\" McKeever (Victor Moore) has been staying there. Mac invites Jim (Don DeFore), an unemployed veteran who has just been evicted from a building owned by O\'Connor, to stay at the house without revealing he\'s squatting. When O\'Connor\'s daughter, Trudy (Gale Storm), shows up as well, she falls for Jim and tries to help him.'),('MV000163300000','The Natural','1984','On the way to a tryout with the Chicago Cubs, young baseball phenom Roy Hobbs (Robert Redford) is shot by the unstable Harriet Bird (Barbara Hershey). After 16 years, Hobbs returns to pro baseball as a rookie for the last-place New York Knights. Despite early arguments with his manager, Pop Fisher (Wilford Brimley), Hobbs becomes one of the best players in the league, and the Knights start winning. But this upsets the Judge (Robert Prosky), their owner, who wants Hobbs to lose games, not win.'),('MV000171020000','Rear Window','1954','A newspaper photographer with a broken leg passes time recuperating by observing his neighbors through his window. He sees what he believes to be a murder, and decides to solve the crime himself. With the help of his nurse and wife, he tries to catch the murderer without being killed himself.'),('MV000178350000','Revenge of the Nerds','1984','Geeky college students Gilbert (Anthony Edwards) and Lewis (Robert Carradine) are evicted from their dormitory when the Alpha Betas -- who recently burned down their own fraternity house by accident -- confiscate the building. When the college forces the freshmen to live in the gym, Gilbert, Lewis and their fellow dorks relocate to a run-down house. When the Alpha Betas, led by jock Stan (Ted McGinley), repeatedly humiliate them, the nerds plot revenge.'),('MV000186890000','National Lampoon\'s European Vacation','1985','After winning a European vacation on a game show, Clark Griswold (Chevy Chase) convinces his reluctant family to accompany him. His wife, Ellen (Beverly D\'Angelo), is excited, but daughter Audrey (Dana Hill) is reluctant to leave her boyfriend behind, while teen son Rusty (Jason Lively) dreams of meeting girls. After arriving in London, the clan encounters one disaster after another as they travel through France, Germany and Italy, while Clark\'s attempts to cheer everyone up make things worse.'),('MV000199770000','The Money Pit','1986','Young lovers Walter (Tom Hanks) and Anna (Shelley Long) are house-sitting the New York City apartment owned by Max (Alexander Godunov), Anna\'s ex-husband, who suddenly decides to toss them out. Needing a new home, they settle on buying a country estate outside the city, which is available for a suspiciously low price. It soon becomes apparent why, as doors fall off their hinges, staircases come tumbling down and a bathtub falls through the floor. The couple\'s relationship suffers similarly.'),('MV000213140000','Indiana Jones and the Temple of Doom','1984','The second of the Lucas/Spielberg Indiana Jones epics is set a year or so before the events in Raiders of the Lost Ark. Indy needs to retrieve a precious gem and several kidnapped young boys on behalf of a remote East Indian village. This time he teams up with a night club singer and a 12-year old boy.'),('MV000214200000','An American Tail','1986','A young mouse named Fievel Mousekewitz (Phillip Glasser) and his family emigrate from Russia to the United States by boat after their home is destroyed by cats. During the trip, a fierce storm throws Fievel from the ship, and he loses contact with his family. Luckily, he manages to sail to New York in a bottle. There, Irish mouse Bridget (Cathianne Blore), an Italian mouse named Tony (Pat Musick) and a kindly cat named Tiger (Dom DeLuise) help Fievel search for his loved ones.'),('MV000232270000','Me ca de la nube','1974','Un hombre va a la ciudad a buscar trabajo y empieza a cantar en un restaurante hasta que poco a poco gana fama.'),('MV000232920000','The Princess Bride','1987','A fairy tale adventure about a beautiful young woman and her one true love. He must find her after a long separation and save her. They must battle the evils of the mythical kingdom of Florin to be reunited with each other. Based on the William Goldman novel \"The Princess Bride\" which earned its own loyal audience.'),('MV000237040000','El Ametralladora','1943','Pese a su juramento de no volver a empuar un arma, un hombre est decidido a cumplir con una venganza.'),('MV000239790000','El Rey','1975','Un hombre valiente y audaz ante el peligro tiene un corazn generoso, en el que caben muchas mujeres al mismo tiempo.'),('MV000254520000','E.T. the Extra-Terrestrial','1982','After a gentle alien becomes stranded on Earth, the being is discovered and befriended by a young boy named Elliott (Henry Thomas). Bringing the extraterrestrial into his suburban California house, Elliott introduces E.T., as the alien is dubbed, to his brother and his little sister, Gertie (Drew Barrymore), and the children decide to keep its existence a secret. Soon, however, E.T. falls ill, resulting in government intervention and a dire situation for both Elliott and the alien.'),('MV000260840000','The Land Before Time','1988','Littlefoot (Gabriel Damon), a young plant-eating dinosaur, is orphaned after his mother (Helen Shaver) perishes while protecting him from a vicious carnivore. With her last breath, she tells him how to get to the legendary Great Valley, where he will be reunited with others of his kind. With his friend Cera (Candace Hutson), Littlefoot sets out for the fabled land, meeting a variety of new friends along the way -- while also being tracked by the killer dinosaur that mortally wounded his mother.'),('MV000263350000','El ojo de vidrio','1969','La vida de unos jvenes, que despus de ser maltratados y torturados por la dictadura porfirista, incluso sacndoles los ojos y asesinando al padre de uno de ellos, toman venganza y luchan en nombre de la revolucin mexicana y de la libertad.'),('MV000266480000','The \'Burbs','1989','Settling in for some time off in his suburban home, Ray Peterson\'s (Tom Hanks) vacation becomes a horror when the Klopeks, a suspiciously odd family, move in down the block. Enlisting the aid of his paranoid buddy, Art (Rick Ducommun), and his militia-man neighbor, Rumsfield (Bruce Dern), Ray sends his son and wife (Carrie Fisher) away on a trip while he investigates the Klopeks. When a neighbor disappears, Ray and his cohorts risk their lives to save their cul-de-sac from the clutches of evil.'),('MV000269690000','Field of Dreams','1989','When Iowa farmer Ray (Kevin Costner) hears a mysterious voice one night in his cornfield saying \"If you build it, he will come,\" he feels the need to act. Despite taunts of lunacy, Ray builds a baseball diamond on his land, supported by his wife, Annie (Amy Madigan). Afterward, the ghosts of great players start emerging from the crops to play ball, led by \"Shoeless\" Joe Jackson. But, as Ray learns, this field of dreams is about much more than bringing former baseball greats out to play.'),('MV000271070000','Indiana Jones and the Last Crusade','1989','An art collector appeals to Jones to embark on a search for the Holy Grail. He learns that another archaeologist has disappeared while searching for the precious goblet, and the missing man is his own father, Dr. Henry Jones. The artifact is much harder to find than they expected, and its powers are too much for those impure in heart.'),('MV000271090000','Do the Right Thing','1989','Salvatore \"Sal\" Fragione (Danny Aiello) is the Italian owner of a pizzeria in Brooklyn. A neighborhood local, Buggin\' Out (Giancarlo Esposito), becomes upset when he sees that the pizzeria\'s Wall of Fame exhibits only Italian actors. Buggin\' Out believes a pizzeria in a black neighborhood should showcase black actors, but Sal disagrees. The wall becomes a symbol of racism and hate to Buggin\' Out and to other people in the neighborhood, and tensions rise.'),('MV000274270000','Jailhouse Rock','1957','A young man, Vince Everett (Elvis Presley), is convicted of manslaughter after being drawn into a bar fight while trying to defend a woman. In prison, Everett finds salvation when his cellmate, a country singer named Hunk Houghton (Mickey Shaughnessy), hears him sing and pegs him as a future star. Once released, Everett gets a job in a night club and meets Peggy Van Alden (Judy Tyler), a young woman who works for a record company and who, like Houghton, also sees talent in Everett.'),('MV000275110000','Valentn de la Sierra','1968','Un jefe revolucionario cae en una trampa, su mujer y el pueblo lo salvan pero su campamento es arrasado.'),('MV000280260000','Mystery Date','1991','Teenage Tom McHugh (Ethan Hawke) is madly in love with his ravishing next-door neighbor, Geena Matthews (Teri Polo), but becomes hopelessly tongue-tied whenever she\'s around. When his parents go away on an impromptu road trip, his suave law student brother shows up and begins coaching Tom on how to pick up women. Things are going great until Tom discovers a body in the trunk of his brother\'s car, and his perfect date with Geena takes multiple turns for the worse.'),('MV000280330000','Dad','1989','Businessman John Tremont (Ted Danson) has never had to worry about his father, Jake (Jack Lemmon). But, when his mother dies, John suddenly realizes that the defiant, proud and aging man needs someone to look after him. Initially uneasy about taking Jake in, John begins to reevaluate his own life as he cares for his father. The time with his dad makes John realize, among other things, how important it is that he mend his crumbling relationship with his own son (Ethan Hawke).'),('MV000282330000','National Lampoon\'s Christmas Vacation','1989','As the holidays approach, Clark Griswold (Chevy Chase) wants to have a perfect family Christmas, so he pesters his wife, Ellen (Beverly D\'Angelo), and children, as he tries to make sure everything is in line, including the tree and house decorations. However, things go awry quickly. His hick cousin, Eddie (Randy Quaid), and his family show up unplanned and start living in their camper on the Griswold property. Even worse, Clark\'s employers renege on the holiday bonus he needs.'),('MV000283280000','El Calabozo','1993','Dos doctores y la esposa de uno de ellos viven rodeados de crmenes, perversidad y violencia.'),('MV000316640000','RoboCop 2','1990','Cyborg Detroit policeman Alex Murphy (Peter Weller) is the sole officer on duty after the police force goes on strike against evil conglomerate Omni Consumer Products and its push to foreclose on the city of Detroit. Aside from dealing with the normal level of crime, Murphy must take on crime boss Cain (Tom Noonan), the spread of a dangerous new drug called \"Nuke\" and the attempt by psychologist Dr. Juliette Faxx (Belinda Bauer) to create another Robocop using a hardened criminal.'),('MV000322540000','Un sbado ms','1986','Un grupo de jvenes motociclistas compiten en una carrera peligrosa e inician un apasionado tringulo amoroso.'),('MV000323090000','Quigley Down Under','1990','Matthew Quigley (Tom Selleck) is an American rifleman who travels to the Australian outback to answer a help wanted ad calling for a sharpshooter. When Quigley meets his employer, Elliot Marston (Alan Rickman), he\'s appalled to discover the job involves killing Aborigines. The two men fight, and when Quigley is knocked out, Marston leaves him and a local crazy woman (Laura San Giacomo) to die in a remote part of the outback. They\'re rescued, however, by Aborigines, and plot their revenge.'),('MV000324900000','Home Alone','1990','When bratty 8-year-old Kevin McCallister (Macaulay Culkin) acts out the night before a family trip to Paris, his mother (Catherine O\'Hara) makes him sleep in the attic. After the McCallisters mistakenly leave for the airport without Kevin, he awakens to an empty house and assumes his wish to have no family has come true. But his excitement sours when he realizes that two con men (Joe Pesci, Daniel Stern) plan to rob the McCallister residence, and that he alone must protect the family home.'),('MV000325540000','Edward Scissorhands','1990','A scientist (Vincent Price) builds an animated human being -- the gentle Edward (Johnny Depp). The scientist dies before he can finish assembling Edward, though, leaving the young man with a freakish appearance accentuated by the scissor blades he has instead of hands. Loving suburban saleswoman Peg (Dianne Wiest) discovers Edward and takes him home, where he falls for Peg\'s teen daughter (Winona Ryder). However, despite his kindness and artistic talent, Edward\'s hands make him an outcast.'),('MV000335380000','Robin Hood: Prince of Thieves','1991','Nobleman crusader Robin of Locksley (Kevin Costner) breaks out of a Jerusalem prison with the help of Moorish fellow prisoner Azeem (Morgan Freeman) and travels back home to England. But upon arrival he discovers his dead father in the ruins of his family estate, killed by the vicious sheriff of Nottingham (Alan Rickman). Robin and Azeem join forces with outlaws Little John (Nick Brimble) and Will Scarlett (Christian Slater) to save the kingdom from the sheriff\'s villainy.'),('MV000344140000','Fried Green Tomatoes','1991','On one of trapped housewife Evelyn Couch\'s (Kathy Bates) Wednesday nursing home visits, she encounters Ninny Threadgoode (Jessica Tandy), a colorful old woman who brightens Evelyn\'s outlook by sharing tales from her past. As Ninny recounts the exploits of her free-spirited sister-in-law Idgie (Mary Stuart Masterson), owner of a small Alabama caf in the 1920s, and the bond Idgie shared with her friend Ruth (Mary-Louise Parker), Evelyn gains the confidence to change her own life for the better.'),('MV000352380000','A League of Their Own','1992','As America\'s stock of athletic young men is depleted during World War II, a professional all-female baseball league springs up in the Midwest, funded by publicity-hungry candy maker Walter Harvey (Garry Marshall). Competitive sisters Dottie Hinson (Geena Davis) and Kit Keller (Lori Petty) spar with each other, scout Ernie Capadino (Jon Lovitz) and grumpy has-been coach Jimmy Dugan (Tom Hanks) on their way to fame. Madonna and Rosie O\'Donnell co-star as two of the sisters\' teammates.'),('MV000358250000','Espaldas mojadas','1953','Las vicisitudes del trabajador mexicano que emigra a los EE.UU. y enfrenta explotacin y discriminacin en el trabajo.'),('MV000359530000','Home Alone 2: Lost in New York','1992','After snarky youth Kevin McCallister (Macaulay Culkin) loses track of his father at the airport, he mistakenly gets on a plane headed for New York City -- while the rest of the McCallisters fly to Florida. Now alone in the Big Apple, Kevin cons his way into a room at the Plaza Hotel and begins his usual antics. But when Kevin discovers that the Sticky Bandits (Joe Pesci, Daniel Stern) are on the loose, he struggles to stop them from robbing an elderly man\'s toy store just before Christmas.'),('MV000368390000','Jurassic Park','1993','In Steven Spielberg\'s massive blockbuster, paleontologists Alan Grant (Sam Neill) and Ellie Sattler (Laura Dern) and mathematician Ian Malcolm (Jeff Goldblum) are among a select group chosen to tour an island theme park populated by dinosaurs created from prehistoric DNA. While the park\'s mastermind, billionaire John Hammond (Richard Attenborough), assures everyone that the facility is safe, they find out otherwise when various ferocious predators break free and go on the hunt.'),('MV000369870000','The Firm','1993','A young lawyer joins a small but prestigious law firm only to find out that most of their clients are on the wrong side of the law. The company is helping to launder mob money, get clients off charges and even murder partners who threaten to blow their cover, but when the FBI come calling to gather evidence on the lawyer\'s colleagues, he is caught between a rock and a hard place, juggling his life and his liberty.'),('MV000378460000','RoboCop 3','1993','Greedy corporation Omni Consumer Products is determined to begin development on its dream project, Delta City, which will replace the derelict Detroit. To achieve this end, O.C.P. is employing armed forces to bully residents out of the city, under the guise that they are just doing their part to reduce crime and root out thugs. After RoboCop (Robert John Burke) joins the civilian resistance, he sustains severe injuries but recovers to battle advanced ninja robots developed by O.C.P.'),('MV000380920000','Sister Act 2: Back in the Habit','1993','In this sequel, Las Vegas performer Deloris Van Cartier (Whoopi Goldberg) is surprised by a visit from her nun friends, including Sister Mary Patrick (Kathy Najimy) and Sister Mary Lazarus (Mary Wickes). It appears Deloris is needed in her nun guise as Sister Mary Clarence to help teach music to teens at a troubled school in hopes of keeping the facility from closing at the hands of Mr. Crisp (James Coburn), a callous administrator. Can Deloris shape the rowdy kids into a real choir?'),('MV000381060000','Beethoven\'s 2nd','1993','The Newtons, helmed by George (Charles Grodin) and Alice (Bonnie Hunt), are in for another St. Bernard adventure when their dog, Beethoven, falls in love with fellow canine Missy and makes a family of his own. But instead of being one big happy family, Missy\'s owner, Regina (Debi Mazar), wants to sell off the puppies to make a huge profit. Springing into action, the Newton kids rescue the little dogs before Regina can make her deal -- but she is determined to get them back.'),('MV000383150000','Reality Bites','1994','After college, Lelaina (Winona Ryder) films a documentary about herself and friends as they flounder in their attempts to forge relationships and begin careers. Vickie (Janeane Garofalo) works retail, has an endless string of one-night stands and awaits the results of her HIV test. Sammy (Steve Zahn) tries to come out to his parents. Lelaina gets involved with yuppie Michael (Ben Stiller) while maintaining a love-hate relationship with Troy (Ethan Hawke), who\'s undergoing an existential crisis.'),('MV000383870000','The Getaway','1994','Doc (Alec Baldwin) and Carol (Kim Basinger) McCoy are married criminals looking for a high-paying score. When Doc ends up in a Mexican prison, Carol tells mob boss Jack Benyon (James Woods) that Doc will work for him if Benyon can free him from prison. Benyon hires Doc to rob a dog track, but after the heist goes terribly wrong, Doc and Carol escape with the cash. With a bitter thief (Michael Madsen) and Benyon\'s hired help on their trail, Doc and Carol must fight to survive.'),('MV000398520000','Forrest Gump','1994','Slow-witted Forrest Gump (Tom Hanks) has never thought of himself as disadvantaged, and thanks to his supportive mother (Sally Field), he leads anything but a restricted life. Whether dominating on the gridiron as a college football star, fighting in Vietnam or captaining a shrimp boat, Forrest inspires people with his childlike optimism. But one person Forrest cares about most may be the most difficult to save -- his childhood love, the sweet but troubled Jenny (Robin Wright).'),('MV000399750000','Clear and Present Danger','1994','Agent Jack Ryan (Harrison Ford) becomes acting deputy director of the CIA when Admiral Greer (James Earl Jones) is diagnosed with cancer. When an American businessman, and friend of the president, is murdered on a yacht, Ryan starts discovering links between the man and drug dealers. As CIA agent John Clark (Willem Dafoe) is sent to Colombia to kill drug kingpins in retaliation, Ryan must fight through multiple cover-ups to figure out what happened and who\'s responsible.'),('MV000416160000','The Brady Bunch Movie','1995','The Bradys of the popular \'70s sitcom get thrust into the \'90s, with a whole new set of problems. The family\'s house is in danger of being taken away by developer Larry Dittmeyer (Michael McKean) if the ever-positive brood can\'t come up with $20,000. Parents Mike (Gary Cole) and Carol (Shelley Long) initially don\'t fret, until Mike has difficulty getting any of his architectural designs sold. Fearing the worst, the six Brady kids decide to enter a talent contest and raise the money themselves.'),('MV000418990000','Major Payne','1995','Maj. Benson Payne (Damon Wayans) lives, breathes and sleeps war. But after being honorably discharged from the Marines due to a lack of wars, Payne, the natural-born killer, has absolutely no idea how to cope in everyday civilian life. Fortunately, before he completely breaks down, Payne finds his way back into a military capacity at Madison Preparatory School, leading a group of misfit JROTC students who don\'t want to be led. Whipping these kids into shape might be his toughest battle yet.'),('MV000420020000','Bad Boys','1995','Miami-Dade detectives Mike Lowrey (Will Smith) and Marcus Burnett (Martin Lawrence) blow a fuse when $100 million worth of heroin they recently confiscated is heisted from station headquarters. Suspecting it was an inside job, Internal Affairs gives them five days to track down the drugs before they shut down the narcotics division. Action meets farce when Marcus is compelled to masquerade as his partner in order to gain the trust of a call girl (Tea Leoni), a key witness in their investigation.'),('MV000426860000','Apollo 13','1995','This Hollywood drama is based on the events of the Apollo 13 lunar mission, astronauts Jim Lovell (Tom Hanks), Fred Haise (Bill Paxton) and Jack Swigert (Kevin Bacon) find everything going according to plan after leaving Earth\'s orbit. However, when an oxygen tank explodes, the scheduled moon landing is called off. Subsequent tensions within the crew and numerous technical problems threaten both the astronauts\' survival and their safe return to Earth.'),('MV000428760000','Clueless','1995','Shallow, rich and socially successful Cher (Alicia Silverstone) is at the top of her Beverly Hills high school\'s pecking scale. Seeing herself as a matchmaker, Cher first coaxes two teachers into dating each other. Emboldened by her success, she decides to give hopelessly klutzy new student Tai (Brittany Murphy) a makeover. When Tai becomes more popular than she is, Cher realizes that her disapproving ex-stepbrother (Paul Rudd) was right about how misguided she was -- and falls for him.'),('MV000430440000','He Got Game','1998','Jake Shuttleworth (Denzel Washington) has spent the last six years in prison after accidentally killing his wife during a violent domestic dispute, leaving his son, star basketball prospect Jesus Shuttleworth (Ray Allen), to fend for himself. One day, the prison warden (Ned Beatty) approaches Jake with an unusual offer: He\'ll be given a week of parole to convince Jesus to attend the governor\'s alma mater, with the promise of a shortened sentence if he succeeds.'),('MV000433120000','Clockers','1995','Nineteen-year-old \"Strike\" Dunham (Mekhi Phifer) is a small-time street drug dealer for Rodney Little (Delroy Lindo), who wants Strike to kill a former dealer who stole from him. When the man turns up dead, Strike is suspected. But before homicide detective Rocco Klein (Harvey Keitel) has a chance to investigate, Strike\'s brother, Victor (Isaiah Washington), confesses to the crime -- and Klein suspects that Victor, a virtuous family man, is trying to cover up for Strike.'),('MV000438580000','Home for the Holidays','1995','When her teenage daughter opts out of Thanksgiving, single mother Claudia Larson (Holly Hunter) travels alone to her childhood home for an explosive holiday dinner with her dysfunctional family. Claudia quickly tires of her parents, her long-suffering sister (Cynthia Stevenson), her snobby brother-in-law (Steve Guttenberg) and her nutty aunt (Geraldine Chaplin). But the evening gets interesting when sparks fly between Claudia and her brother\'s handsome friend Leo Fish (Dylan McDermott).'),('MV000442570000','Jumanji','1995','A magical board game unleashes a world of adventure on siblings Peter (Bradley Pierce) and Judy Shepherd (Kirsten Dunst). While exploring an old mansion, the youngsters find a curious, jungle-themed game called Jumanji in the attic. When they start playing, they free Alan Parrish (Robin Williams), who\'s been stuck in the game\'s inner world for decades. If they win Jumanji, the kids can free Alan for good -- but that means braving giant bugs, ill-mannered monkeys and even stampeding rhinos!'),('MV000468250000','Courage Under Fire','1996','During the 1991 Gulf War, Lieutenant Colonel Nathaniel Serling (Denzel Washington) accidentally caused a friendly fire incident, a mistake that was hushed up by his superiors. Following the war, he is assigned to investigate the case of Army Captain Karen Walden (Meg Ryan), killed in action when her Medevac unit was attempting to rescue the crew of a downed helicopter. But, as Serling interviews the members of Walden\'s crew, he realizes their stories about the incident don\'t add up.'),('MV000474290000','Matilda','1996','This film adaptation of a Roald Dahl work tells the story of Matilda Wormwood (Mara Wilson), a gifted girl forced to put up with a crude, distant father (Danny DeVito) and mother (Rhea Perlman). Worse, Agatha Trunchbull (Pam Ferris), the evil principal at Matilda\'s school, is a terrifyingly strict bully. However, when Matilda realizes she has the power of telekinesis, she begins to defend her friends from Trunchbull\'s wrath and fight back against her unkind parents.'),('MV000475890000','A Very Brady Sequel','1996','The trusting and anachronistic Brady family gets a harsh jolt of 1990s reality when scheming con artist Trevor Thomas (Tim Matheson) shows up at their home, claiming that he\'s the long-missing first husband of Brady matriarch Carol (Shelley Long). Her real husband, good-natured Mike (Gary Cole), is none too happy about their house guest. The Brady kids eventually catch wind of the deception, leading to an antic-filled excursion to Hawaii when the impostor steals a prized family possession.'),('MV000493460000','Metro','1997','San Francisco hostage negotiator Scott Roper (Eddie Murphy) is partnered with rookie Kevin McCall (Michael Rapaport). While Scott is trying to win back his girlfriend, Ronnie Tate (Carmen Ejogo), he and Kevin are called in to a jewel store, where psychotic Michael Korda (Michael Wincott) has taken hostages. They manage to capture him -- but soon, Michael escapes from jail and kidnaps Ronnie as revenge. Despite officially being taken off the case, Scott and Kevin go after the dangerous criminal.'),('MV000506130000','The Fifth Element','1997','In the 23rd century, a New York City cabbie, Korben Dallas (Bruce Willis), finds the fate of the world in his hands when Leeloo (Milla Jovovich) falls into his cab. As the embodiment of the fifth element, Leeloo needs to combine with the other four to keep the approaching Great Evil from destroying the world. Together with Father Vito Cornelius (Ian Holm) and zany broadcaster Ruby Rhod (Chris Tucker), Dallas must race against time and the wicked industrialist Zorg (Gary Oldman) to save humanity.'),('MV000515770000','El solitario','1964','Un pistolero solitario defiende a un ranchero que ha sido amenazado de muerte por no querer vender sus tierras a unos crueles hermanos.'),('MV000519210000','De mujer a mujer','1950','Una mujer que estuvo enferma se sienta a hablar, frente a frente, con la mujer que le ha dado un hijo a su marido.'),('MV000521250000','Soul Food','1997','When Ahmad Simmons\' (Brandon Hammond) diabetic grandmother, Josephine \"Big Mama\" Joseph (Irma P. Hall), falls into a coma during an operation to amputate her leg, it throws the Joseph family into chaos. Ahmad watches as his mother, Maxine (Vivica A. Fox), and aunts Teri (Vanessa L. Williams) and Tracy (Nia Long) struggle to adjust to the family matriarch\'s sudden absence, fall into old rivalries, share memories, and work to maintain the long-standing tradition of Sunday family dinners.'),('MV000524270000','Chasing Amy','1997','Holden and Banky are best friends and authors of a popular comic book. Holden falls in love with Alyssa, who happens to be a lesbian. Holden\'s relationship with Alyssa strains his life-long friendship with Banky, and soon the relationship between Holden and Alyssa has problems when he cannot deal with her past.'),('MV000524730000','Hav Plenty','1997','Lee Plenty (Christopher Scott Cherot) is a flailing, wannabe writer, homeless and apartment-sitting for his friend, the wealthy Havilland Savage (Chenoa Maxwell), while she is off visiting family. So Lee jumps at the chance to see Havilland, whom he has secretly loved for years, when he\'s invited to her New Year\'s Eve party. But the night leads to romantic complications that also involve Hav\'s recording-artist boyfriend, Michael Simmons (Hill Harper), and her sister, Leigh (Robinne Lee).'),('MV000544110000','Mouse Hunt','1997','When their string magnate father, Rudolf Smuntz, dies, brothers Ernie (Nathan Lane) and Lars (Lee Evans) move into his decrepit mansion. Struggling to keep a promise to never sell the now unprofitable string factory, the brothers decide that restoring the house, the last built by a famous architect, could bring them a great deal of money. But during their restoration attempts, Ernie and Lars are continually frustrated by a malicious mouse that keeps destroying their efforts.'),('MV000612750000','BASEketball','1998','When slacker friends Joe Cooper (Trey Parker) and Doug Remer (Matt Stone) are challenged to a pickup basketball game against some jocks, they counter by proposing to play a game they learned called \"BASEketball,\" which combines basketball and baseball. In reality, they are improvising all of the rules, but somehow the sport becomes a hit. A promoter (Ernest Borgnine) forms a popular league, but after his death a rival owner (Robert Vaughn) wants to change the rules to increase profits.'),('MV000613650000','Armageddon','1998','When an asteroid threatens to collide with Earth, NASA honcho Dan Truman (Billy Bob Thornton) determines the only way to stop it is to drill into its surface and detonate a nuclear bomb. This leads him to renowned driller Harry Stamper (Bruce Willis), who agrees to helm the dangerous space mission provided he can bring along his own hotshot crew. Among them is the cocksure A.J. (Ben Affleck), who Harry thinks isn\'t good enough for his daughter (Liv Tyler), until the mission proves otherwise.'),('MV000631440000','A Simple Plan','1998','While in the woods near their small town, upstanding local Hank Mitchell (Bill Paxton), his dim brother Jacob (Billy Bob Thornton) and their friend Lou (Brent Briscoe) discover a crashed plane with two things in it -- a dead pilot, and a stash of more than four million dollars. Although Hank is reluctant to keep the money, Jacob and Lou convince him otherwise, and they devise a plan to split the fortune. Things quickly go wrong, however, dramatically affecting the trio and those around them.'),('MV000656260000','Star Trek: Insurrection','1998','A Federation mission to the planet Ba\'ku takes a dangerous turn when a malfunctioning android, Data (Brent Spiner), takes a cultural task force hostage. When Capt. Picard (Patrick Stewart) and his crew investigate, they uncover the truth about the Federation mission: It was actually a systematic ploy by the Son\'a to displace the peaceful inhabitants of Ba\'ku. Now Picard and his crew must thwart the plot even while experiencing strange side effects from exposure to the planet\'s surface.'),('MV000691840000','Geronimo: An American Legend','1993','Los apaches han accedido, muy a su pesar, a vivir confinados en una reserva. Gernimo rechaza las condiciones de rendicin impuestas por el Gobierno de los Estados Unidos y, con el apoyo de treinta guerreros ms, prepara un ataque.'),('MV000709670000','The World Is Not Enough','1999','Bond (Pierce Brosnan) must race to defuse an international power struggle with the world\'s oil supply hanging in the balance. Elektra King (Sophie Marceau), is the daughter of a murdered oil tycoon whom Bond is assigned to protect. The villain is Renard (Robert Carlyle), who has a bullet lodged in his brain rendering him unable to feel pain. Also featuring nuclear weapons expert Dr. Christmas Jones (Denise Richards).'),('MV000757010000','Yo soy el asesino','1987','Dos hermanos, de padres diferentes, se enamoran de la misma mujer y estn dispuestos a pelear por ella hasta el final.'),('MV000796070000','Three Kings','1999','Just after the end of the Gulf War, four American soldiers decide to steal a cache of Saddam Hussein\'s hidden gold. Led by cynical Sergeant Major Archie Gates (George Clooney), three of the men are rescued by rebels, but Sergeant Troy Barlow (Mark Wahlberg) is captured and tortured by Iraqi intelligence. The Iraqi rebels beg for the American trio to help fight against the impending arrival of Hussein\'s Elite Guard. The men agree to fight in return for help rescuing Troy.'),('MV000827350000','K-911','1999','This sequel follows police Detective Michael Dooley (James Belushi) and his faithful German shepherd partner, Jerry Lee, who have been working together for 10 years. For Jerry Lee, this means that the canine is quite old, and has a hard time keeping up with police duties. Joining the pair is fellow officer Wendy Welles (Christine Tucci) and her tough Doberman pinscher. Together, Dooley, Welles and their respective dogs attempt to track down a gun-wielding psychopath.'),('MV000861710000','High Fidelity','2000','Rob Gordon (John Cusack) is the owner of a failing record store in Chicago, where he sells music the old-fashioned way -- on vinyl. Although they have an encyclopedic knowledge of pop music and are consumed by the music scene, it\'s of no help to Rob, whose needle skips the love groove when his long-time girlfriend, Laura (Iben Hjejle), walks out on him. As he examines his failed attempts at romance and happiness, the process finds him being dragged, kicking and screaming, into adulthood.'),('MV000925000000','Shaft','2000','Crooked cops on the take -- small-time drug lords -- sleazy informers and sadistic rich kids ready to kill --- for police detective John Shaft, its just another night in the underbelly of New York City, another shift facing down cops and criminals who want him dead and a legal system that thrives on money, not justice.'),('MV000993530000','Holiday Heart','2000','After losing his police officer lover, Christian drag queen Holiday Heart (Ving Rhames) meets 12-year-old Niki (Jessika Quynn Reynolds) and her drug-addicted mother, Wanda (Alfre Woodard). Heart finds relief from heartache and a renewed sense of purpose when he steps in as a father figure to Niki and welcomes the two women into his life. But when Wanda becomes romantically involved with her drug dealer, Silas, it may endanger Niki and threaten to destroy the makeshift family.'),('MV001067170000','Shrek','2001','Once upon a time, in a far away swamp, there lived an ogre named Shrek (Mike Myers) whose precious solitude is suddenly shattered by an invasion of annoying fairy tale characters. They were all banished from their kingdom by the evil Lord Farquaad (John Lithgow). Determined to save their home -- not to mention his -- Shrek cuts a deal with Farquaad and sets out to rescue Princess Fiona (Cameron Diaz) to be Farquaad\'s bride. Rescuing the Princess may be small compared to her deep, dark secret.'),('MV001067180000','Evolution','2001','A comedy that follows the chaos that ensues when a meteor hits the Earth carrying alien life forms that give new meaning to the term \"survival of the fittest.\" David Duchovny, Orlando Jones, Seann William Scott, and Julianne Moore are the only people standing between the aliens and world domination... which could be bad news for the Earth.'),('MV001109160000','American Pie 2','2001','After a year apart - attending different schools, meeting different people - the guys rent a beach house and vow to make this the best summer ever. As it turns out, whether that will happen or not has a lot to do with the girls. Between the wild parties, outrageous revelations and yes, a trip to band camp, they discover that times change and people change, but in the end, it\'s all about sticking together.'),('MV001170630000','Abandon','2002','A psychological thriller about a senior (Katie Holmes) at one of America\'s most prestigious universities. Under enormous pressure to complete her thesis and earn a top job at one of the world\'s most competitive consulting firms, Katie is still coping with the sudden unexplained disappearance of her first love two years prior. As the investigation continues, Katie is forced to choose between past passions and new possibilities, even as new facts are uncovered.'),('MV001204080000','Unfaithful','2002','Described by director Adrian Lyne (\"Fatal Attraction\") as \"an erotic thriller about the body language of guilt.\" When Edward (Richard Gere) innocently learns that his wife Connie (Diane Lane) has lied to him about an affair, suspicion propels him to uncover the devastating details of her infidelity. Tormented by the knowledge, he confronts her lover, only to discover a level of rage within himself that he could never have imagined.'),('MV001223770000','Like Mike','2002','Fourteen year old, hoops-loving Calvin Cambridge (Lil\' Bow Wow) has a dream: to be a famous basketball player -- to mix it up among the NBA\'s greatest. But in a game dominated by giants with unparalleled athletic abilities, Calvin\'s diminutive stature and limited skills, make this a far-off fantasy. Or is it? After he laces up a mysterious pair of old sneakers inscribed with the faded initials MJ, Calvin makes the leap from playground hijinks to NBA superstardom...'),('MV001230890000','Australia: Land Beyond Time','2002','Filmmaker David Flatman chronicles the diverse animals and plants that adapt to the rugged environment.'),('MV001240600000','Pistoleros famosos II','1986','Luca tiene una herida en la pierna. Su amigo Ceferino la ayuda a escapar y la lleva a un mdico que tiene la licencia suspendida. El doctor trata de seducirla y, como no lo consigue, la droga.'),('MV001252670000','Pepito as del volante','1957','Un filme donde Joselito Rodriguez captura las fantasas de sus hijos.'),('MV001253340000','La edad de la violencia','1964','Varios jvenes se disfrazan de mujeres para asaltar a los automovilistas y cometen otros delitos.'),('MV001283320000','La Bien Pagada','1948','La esposa de un hombre rico lo engaa con otros. Cuando l la descubre la obliga a que firme un documento de abandono.'),('MV001315840000','Bad Boys II','2003','The drug ecstasy is flowing into Miami, and the police want it stopped. Police Detective Marcus Burnett (Martin Lawrence) and his partner, Mike Lowrey (Will Smith), are just the men to do it. They track the drugs to a Cuban smuggler, Johnny Tapia (Jordi Moll), who is also involved in a bloody war with Russian and Haitian mobsters. If that isn\'t bad enough, there\'s tension between the two cops because Lowrey is romantically involved with Burnett\'s sister, Syd (Gabrielle Union).'),('MV001315880000','The Recruit','2003','In an era when the country\'s first line of defense - human intelligence - is more important than ever, comes an explosive thriller that gives an insider\'s view into the CIA\'s secret training ground: The Farm. James Clayton (Colin Farrell) might not have the attitude of a typical recruit, but he is one of the smartest graduating seniors in the country -- and he\'s just the person that Walter Burke (Al Pacino) wants in the Agency.'),('MV001328280000','Fiebre de juventud','1966','La historia de un grupo de jvenes, sus sueos, sus pasiones, la manera en que perciben y se enfrentan a la vida.'),('MV001341920000','Daddy Day Care','2003','While his wife, Kim (Regina King), brings home the bacon, unemployed Charlie (Eddie Murphy) spends his days caring for the couple\'s young son. With help from a friend, Phil (Jeff Garlin), Charlie decides to start a day care center. Enrollment quickly surges, and, as they add another employee, goofy Marvin (Steve Zahn), Charlie finds himself dealing with endless red tape. Will he be able to keep the business afloat, or will parents defect to Mrs. Harridan\'s (Anjelica Huston) day care center?'),('MV001396200000','Elf','2003','Buddy (Will Ferrell) was accidentally transported to the North Pole as a toddler and raised to adulthood among Santa\'s elves. Unable to shake the feeling that he doesn\'t fit in, the adult Buddy travels to New York, in full elf uniform, in search of his real father. As it happens, this is Walter Hobbs (James Caan), a cynical businessman. After a DNA test proves this, Walter reluctantly attempts to start a relationship with the childlike Buddy with increasingly chaotic results.'),('MV001396250000','Love Actually','2003','Nine intertwined stories examine the complexities of the one emotion that connects us all: love. Among the characters explored are David (Hugh Grant), the handsome newly elected British prime minister who falls for a young junior staffer (Martine McCutcheon), Sarah (Laura Linney), a graphic designer whose devotion to her mentally ill brother complicates her love life, and Harry (Alan Rickman), a married man tempted by his attractive new secretary.'),('MV001426430000','The Notebook','2004','In 1940s South Carolina, mill worker Noah Calhoun (Ryan Gosling) and rich girl Allie (Rachel McAdams) are desperately in love. But her parents don\'t approve. When Noah goes off to serve in World War II, it seems to mark the end of their love affair. In the interim, Allie becomes involved with another man (James Marsden). But when Noah returns to their small town years later, on the cusp of Allie\'s marriage, it soon becomes clear that their romance is anything but over.'),('MV001433300000','Mona Lisa Smile','2003','Katherine Watson (Julia Roberts) is a recent UCLA graduate hired to teach art history at the prestigious all-female Wellesley College, in 1953. Determined to confront the outdated mores of society and the institution that embraces them, Katherine inspires her traditional students including Betty (Kirsten Dunst) and Joan (Julia Stiles) to challenge the lives they are expected to lead.'),('MV001448920000','Sky Captain and the World of Tomorrow','2004','When gigantic robots attack New York City, \"Sky Captain\" (Jude Law) uses his private air force to fight them off. His ex-girlfriend, reporter Polly Perkins (Gwyneth Paltrow), has been investigating the recent disappearance of prominent scientists. Suspecting a link between the global robot attacks and missing men, Sky Captain and Polly decide to work together. They fly to the Himalayas in pursuit of the mysterious Dr. Totenkopf (Laurence Olivier), the mastermind behind the robots.'),('MV001476260000','The Punisher','2004','This dark action film, based on the comic book series, follows FBI agent Frank Castle (Thomas Jane) as he transforms into the vengeful Punisher after criminals murder his family, including his wife and son. Castle is gravely injured in the attack and believed to be dead by Howard Saint (John Travolta), the crime lord who ordered the hit. Following his recovery, Castle becomes a heavily armed vigilante who will stop at nothing to exact revenge on Saint and dismantle his underworld empire.'),('MV001485760000','Harry Potter and the Prisoner of Azkaban','2004','Harry Potter\'s (Daniel Radcliffe) third year at Hogwarts starts off badly when he learns deranged killer Sirius Black (Gary Oldman) has escaped from Azkaban prison and is bent on murdering the teenage wizard. While Hermione\'s (Emma Watson) cat torments Ron\'s (Rupert Grint) sickly rat, causing a rift among the trio, a swarm of nasty Dementors is sent to protect the school from Black. A mysterious new teacher helps Harry learn to defend himself, but what is his secret tie to Sirius Black?'),('MV001509140000','Shaun of the Dead','2004','Shaun (Simon Pegg) is a 30-something loser with a dull, easy existence. When he\'s not working at the electronics store, he lives with his slovenly best friend, Ed (Nick Frost), in a small flat on the outskirts of London. The only unpredictable element in his life is his girlfriend, Liz (Kate Ashfield), who wishes desperately for Shaun to grow up and be a man. When the town is inexplicably overrun with zombies, Shaun must rise to the occasion and protect both Liz and his mother (Penelope Wilton).'),('MV001522590000','National Treasure','2004','Historian and code-breaker Ben Gates (Nicolas Cage) has been searching his whole life for a rumored treasure dating back to the creation of the United States. Joining an expedition led by fellow treasure hunter Ian Howe (Sean Bean), Gates finds an ice-locked Colonial ship in the Arctic Circle that contains a clue linking the treasure to the Declaration of Independence. But when Howe betrays him, Gates has to race to get to the document ahead of his so-called colleague.'),('MV001541720000','Are We There Yet?','2005','Attempting to win the favor of the newly divorced Suzanne (Nia Long), Nick (Ice Cube) offers to accompany her children, Lindsey (Aleisha Allen) and Kevin (Philip Bolden), on a flight from Portland, Ore., to Canada to see their mother. A mishap with a corkscrew and a metal detector gets the troupe banned from the flight, however, so Nick is forced to drive the kids in his prized Lincoln Navigator. Tensions inevitably rise during the long road trip, but Nick is not to be deterred.'),('MV001550760000','Assault on Precinct 13','2005','While en route to prison, a bus carrying criminals Marion (Laurence Fishburne), Beck (John Alberto Leguizamo) and Anna (Aisha Hinds) is rerouted to Detroit\'s soon-to-be-closed Precinct 13 because of a dangerous winter storm. All communications with the outside world are cut off, and Jake (Ethan Hawke), an emotionally volatile police sergeant who is haunted by his past, is forced to work with the criminals in order to survive an attack on the precinct by a group of armed men.'),('MV001568290000','Kingdom of Heaven','2005','Still in grief over his wife\'s sudden death, village blacksmith Balian (Orlando Bloom) joins his long-estranged father, Baron Godfrey (Liam Neeson), as a crusader on the road to Jerusalem. After a perilous journey to the holy city, the valiant young man enters the retinue of the leprous King Baldwin IV (Edward Norton), which is rife with dissent led by the treacherous Guy de Lusignan (Marton Csokas), who wishes to wage war against the Muslims for his own political and personal gain.'),('MV001646680000','The Family Stone','2005','Everett Stone (Dermot Mulroney) wants to bring his girlfriend, Meredith Morton (Sarah Jessica Parker), to meet his bohemian Connecticut family at Christmas. Straitlaced Meredith, feeling she needs backup, asks her sister Julie (Claire Danes) to come along. Hoping to win the approval of her boyfriend\'s parents Sybil (Diane Keaton) and Kelly (Craig T. Nelson) and the rest of the family, instead Meredith succeeds only in highlighting her uptight personality and making Everett doubt his intentions.'),('MV001664200000','Pride & Prejudice','2005','In this adaptation of Jane Austen\'s beloved novel, Elizabeth Bennet (Keira Knightley) lives with her mother, father and sisters in the English countryside. As the eldest, she faces mounting pressure from her parents to marry. When the outspoken Elizabeth is introduced to the handsome and upper-class Mr. Darcy (Matthew MacFadyen), sparks fly. Although there is obvious chemistry between the two, Darcy\'s overly reserved nature threatens the fledgling relationship.'),('MV001669860000','The Santa Clause','1994','Divorced dad Scott (Tim Allen) has custody of his son (Eric Lloyd) on Christmas Eve. After he accidentally kills a man in a Santa suit, they are magically transported to the North Pole, where an elf explains that Scott must take Santa\'s place before the next Christmas arrives. Scott thinks he\'s dreaming, but over the next several months he gains weight and grows an inexplicably white beard. Maybe that night at the North Pole wasn\'t a dream after all -- and maybe Scott has a lot of work to do.'),('MV001711150000','Big Momma\'s House 2','2006','After his mentor is killed, an FBI agent (Martin Lawrence) reprises his disguise as a fat old lady and takes a job as a nanny in a crime suspect\'s house. While working on the case, the agent diffuses a threat to homeland security and brings a fractured family closer together.'),('MV001719410000','Madea\'s Family Reunion','2006','Southern matriarch Madea (Tyler Perry) has a lot on her plate. Her nieces have relationship troubles, and Madea has just been ordered by the court to become the guardian of a rebellious teenager named Nikki. Madea must keep the peace and keep her family together while simultaneously planning her clan\'s reunion.'),('MV001738900000','The Legend of Zorro','2005','El espadachn enmascarado y su esposa enfrentan a un conde europeo que planea bloquear el territorio Californiano.'),('MV001752280000','The Benchwarmers','2006','A baseball-loving millionaire (Jon Lovitz) helps three inept nerds (David Spade, Rob Schneider, Jon Heder) form a baseball team to compete with the meanest bullies in the Little League. One of the trio becomes the hero of nerds everywhere, until his fans learn that he was once a bully too.'),('MV001776700000','The Fast and the Furious: Tokyo Drift','2006','Sean Boswell (Lucas Black) always feels like an outsider, but he defines himself through his victories as a street racer. His hobby makes him unpopular with the authorities, so he goes to live with his father in Japan. Once there and even more alienated, he learns about an exciting, but dangerous, new style of the sport. The stakes are high when Sean takes on the local champion and falls for the man\'s girlfriend.'),('MV001779230000','Idiocracy','2006','In 2005, average in every way private Joe Bowers (Luke Wilson) is selected to take part in a secret military experiment to put him in hibernation for a year along with a woman named Rita (Maya Rudolph). The slumbering duo is forgotten when the base they are stored on is closed down and are left in stasis until 2505. When they finally wake up, they discover the average intelligence of humans has decreased so much that Joe is now the smartest man in the world.'),('MV001792100000','The Last King of Scotland','2006','While in Uganda on a medical mission, Scottish doctor Nicholas Garrigan (James McAvoy) becomes the personal physician and close confidante of dictator Idi Amin (Forest Whitaker). Although at first Dr. Garrigan feels flattered by his new position of power, he soon comes to realize that Amin\'s rule is soaked in blood, and that he is complicit in the atrocities. Garrigan faces the fight of his life as he tries to escape Amin\'s grasp.'),('MV001801350000','The Holiday','2006','Two women, one (Cameron Diaz) from America and one (Kate Winslet) from Britain, swap homes at Christmastime after bad breakups with their boyfriends. Each woman finds romance with a local man (Jude Law, Jack Black) but realizes that the imminent return home may end the relationship.'),('MV001810900000','The Pursuit of Happyness','2006','Life is a struggle for single father Chris Gardner (Will Smith). Evicted from their apartment, he and his young son (Jaden Christopher Syre Smith) find themselves alone with no place to go. Even though Chris eventually lands a job as an intern at a prestigious brokerage firm, the position pays no money. The pair must live in shelters and endure many hardships, but Chris refuses to give in to despair as he struggles to create a better life for himself and his son.'),('MV001812140000','Night at the Museum','2006','A night watchman (Ben Stiller) at a museum of natural history makes a startling discovery: Thanks to the unleashing of an ancient Egyptian curse, the museum\'s animals, birds, bugs and other exhibits spring to life after the building closes, and former President Teddy Roosevelt (Robin Williams) is among those the hapless guard encounters.'),('MV001857170000','The Dark','2005','Adelle (Maria Bello) makes the journey from New York City to Wales with her daughter, Sarah (Sophie Stuckey). There, Adelle attempts to patch things up with Sarah\'s father, James (Sean Bean). The visit turns tragic when Sarah disappears in the ocean. But then a young girl named Ebril (Abigail Stone) shows up who, eerily, seems to have died in a mass suicide half a century earlier. Ebril claims that Adelle\'s daughter has been taken to the Welsh underworld.'),('MV001861700000','Wedding Daze','2006','One year after accidentally scaring his fiancee to death, a young man (Jason Biggs) heeds his friend\'s advice and begins dating again. He hurriedly proposes to a waitress (Isla Fisher), but she has issues of her own, including a pair of problematic parents (Joe Pantoliano, Joanna Gleason).'),('MV001913830000','Knocked Up','2007','Rising journalist Alison Scott (Katherine Heigl) hits a serious bump in the road after a one-night stand with irresponsible slacker Ben Stone (Seth Rogen) results in pregnancy. Rather than raise the baby on her own, she decides to give Ben a chance to prove he is father material. However, he is unsure if he is ready to be a parent, and both wonder if they would be compatible lifetime partners.'),('MV001917860000','Are We Done Yet?','2007','Nick (Ice Cube) and Suzanne (Nia Long) decide to move to the suburbs to create a better life for children Lindsey (Aleisha Allen) and Kevin (Philip Bolden). The contractor (John C. McGinley) they hire to renovate their home has a rather odd way of doing business, complicating the family\'s move. Matters spiral further out of control when the contractor clashes with Nick but bonds with Suzanne and the children.'),('MV001926180000','Becoming Jane','2007','Though Jane Austen\'s (Anne Hathaway) financially strapped parents (James Cromwell, Julie Walters) expect her to marry the nephew of wealthy Lady Gresham (Maggie Smith), the young woman knows that such a union will destroy her creativity and sense of self-worth. Instead, she becomes involved with Tom Lefroy (James McAvoy), a charming but penniless apprentice lawyer who gives her the knowledge of the heart she needs for her future career as a novelist.'),('MV001937670000','The Other Boleyn Girl','2008','King Henry VIII (Eric Bana) lacks an heir. Seeing this as an opportunity for personal gain, the Duke of Norfolk (David Morrissey) and Sir Thomas Boleyn (Mark Rylance) persuade Thomas\' daughter Anne (Natalie Portman) to seduce the king. But Henry falls in love with Anne\'s sister, Mary (Scarlett Johansson), instead. When Mary becomes pregnant, she\'s confined to bed, with charged with Anne keeping the king from straying -- but the plan backfires when Anne seeks the king\'s affections for herself.'),('MV001957140000','American Gangster','2007','Frank Lucas (Denzel Washington) earns his living as a chauffeur to one of Harlem\'s leading mobsters. After his boss dies, Frank uses his own ingenuity and strict business code to become one of the inner city\'s most powerful crime bosses. Meanwhile, veteran cop Richie Roberts (Russell Crowe) senses a change in the mob\'s power structure and looks for ways to bring his opponent to justice.'),('MV001959240000','Hasta el ltimo cartucho','2006','Un hombre comn y corriente es confundido con un peligroso narcotraficante y asesinan a toda su familia. Desde entonces, la venganza es lo que lo mantiene en pie y no descansar hasta acabar con todos los culpables.'),('MV001971240000','Elizabeth: The Golden Age','2007','Queen Elizabeth I (Cate Blanchett) faces threats to her rule from abroad and at home. Determined to restore England to Roman Catholicism, Spain\'s King Philip II dispatches his armada. Sworn to her country body and soul, Elizabeth must resist her love for charismatic seafarer Sir Walter Raleigh (Clive Owen) and watch as he and her handmaiden grow closer. Finally, trusted adviser Walsingham (Geoffrey Rush) uncovers a plot involving her cousin Mary Stuart.'),('MV001980970000','This Christmas','2007','At holiday time, family matriarch Ma\'Dere Whitfield (Loretta Devine) assembles her large brood for their first reunion in four years. However, family ties show signs of strain when various secrets come to light, especially concerning Marine Claude\'s (Columbus Short) true military status, Quentin\'s (Idris Elba) debts and teenage Baby\'s (Chris Brown) secret plans to become a singer.'),('MV001983600000','No Country for Old Men','2007','While out hunting, Llewelyn Moss (Josh Brolin) finds the grisly aftermath of a drug deal. Though he knows better, he cannot resist the cash left behind and takes it with him. The hunter becomes the hunted when a merciless killer named Chigurh (Javier Bardem) picks up his trail. Also looking for Moss is Sheriff Bell (Tommy Lee Jones), an aging lawman who reflects on a changing world and a dark secret of his own, as he tries to find and protect Moss.'),('MV002024230000','First Sunday','2008','Petty thieves Durell (Ice Cube) and LeeJohn (Tracy Morgan) face a big problem: The two must come up with $17,000 in one week, or Durell will no longer be able to see his son. The goofy scoundrels embark on a haphazard plan to rob the neighborhood church, but they find the mission trickier than expected. When they arrive, they discover that somebody equally disreputable has already had his hand in the coffers. Now, they must trace the money to a group of parishioners.'),('MV002070330000','Kathputli','1971','A woman (Mumtaz) resorts to desperate measures to raise money for her injured husband (Jeetendra).'),('MV002110320000','Seven Pounds','2008','A life-shattering secret torments Ben Thomas (Will Smith). In order to find redemption, he sets out to change the lives of seven strangers. Over the course of his journey, he meets and falls in love with a cardiac patient named Emily (Rosario Dawson), and in so doing, complicates his mission.'),('MV002130190000','Todo Por Sarah','1998','Una universitaria toma la difcil opcin de ser la tutora legal de su madre, una mujer con problemas mentales.'),('MV002139690000','Hancock','2008','A scruffy superhero named Hancock (Will Smith) protects the citizens of Los Angeles but leaves horrendous collateral damage in the wake of every well-intentioned feat. That\'s OK with Hancock; he doesn\'t care what people think and is just as likely to be found dozing on a park bench as saving a damsel in distress. However, after saving the life of a PR executive (Jason Bateman) and meeting the man\'s beautiful wife (Charlize Theron), he realizes that he may have a sensitive side after all.'),('MV002143870000','The Day of the Beast','1995','Un sacerdote, el padre Berriarta, cree haber descifrado el mensaje secreto del Apocalipsis segn San Juan: el anticristo nacer el 25 de diciembre de 1995 en Madrid. Para impedirlo, el cura pide ayuda a Jos Mara, un fantico del heavy-metal, e intentan averiguar dnde tendr lugar el acontecimiento. Con la ayuda del profesor Cavan, un espiritista italiano, en realidad, un farsante que tiene un programa de televisin, el sacerdote y Jos Maria invocarn al diablo.'),('MV002149620000','Night at the Museum: Battle of the Smithsonian','2009','Once the night guard at the Museum of Natural History, Larry Daley (Ben Stiller) is now a successful purveyor of infomercial products. Soon after learning that his museum friends have been shipped to the Smithsonian Institution, Larry receives a distress call from Jedediah, who warns him that four of history\'s greatest villains have come to life and are planning to take over the Smithsonian first, then the world. Larry joins forces with friends old and new to stop the quartet\'s nefarious plans.'),('MV002236680000','Armored','2009','Following his return from Iraq, Ty Hackett (Columbus Short) takes a job at the same armored-car company where his father worked. At the end of his probation period, his mentor and godfather, Mike Cochrane (Matt Dillon), reveals to Ty his plan to rob one of the company\'s trucks. Faced with the loss of his house and his younger brother to foster care, Ty reluctantly agrees to the plan, but when the heist goes badly, it\'s every man for himself.'),('MV002310650000','Julie & Julia','2009','Frustrated with a soul-killing job, New Yorker Julie Powell (Amy Adams) embarks on a daring project: she vows to prepare all 524 recipes in Julia Childs\' landmark cookbook, \"Mastering the Art of French Cooking.\" Intertwined with Julie\'s story is the true tale of how Julia Child (Meryl Streep) herself conquered French cuisine with passion, fearlessness, and plenty of butter.'),('MV002324580000','Underworld: Rise of the Lycans','2009','Viktor (Bill Nighy), the cruel king of the vampires, has persecuted the Lycans for centuries. Young Lycan Lucian (Michael Sheen) rallies his people against Viktor and his Death Dealer warriors. With his secret lover Sonja (Rhona Mitra), a vampire, at his side, Lucian leads the werewolves in a final battle to break free of enslavement -- or die trying.'),('MV002342690000','Fast & Furious','2009','When a crime brings them back to the mean streets of Los Angeles, fugitive ex-convict Dom Toretto (Vin Diesel) and agent Brian O\'Conner (Paul Walker) reignite their high-octane feud. However, when a common enemy rears his head, Dom and Brian must learn how to work together and trust one another in order to defeat him.'),('MV002384300000','Dream Boy','2008','A chronicle tells of two gay teens in the rural South.'),('MV002405880000','Jennifer\'s Body','2009','When a demon takes possession of her, high-school hottie Jennifer (Megan Fox) turns a hungry eye on guys who never stood a chance with her before. While evil Jennifer satisfies her appetite for human flesh with the school\'s male population, her nerdy friend, Needy (Amanda Seyfried), learns what\'s happening and vows to put an end to the carnage.'),('MV002489880000','Spread','2009','Nikki es un gigol que ha conseguido llevar un estilo de vida de lujo gracias a su atractivo sexual. Sin embargo, un da se enamora de la camarera Heather, una joven que juega a lo mismo que l.'),('MV002725490000','Thor','2011','As the son of Odin (Anthony Hopkins), king of the Norse gods, Thor (Chris Hemsworth) will soon inherit the throne of Asgard from his aging father. However, on the day that he is to be crowned, Thor reacts with brutality when the gods\' enemies, the Frost Giants, enter the palace in violation of their treaty. As punishment, Odin banishes Thor to Earth. While Loki (Tom Hiddleston), Thor\'s brother, plots mischief in Asgard, Thor, now stripped of his powers, faces his greatest threat.'),('MV002725500000','Pirates of the Caribbean: On Stranger Tides','2011','The checkered past of Capt. Jack Sparrow (Johnny Depp) catches up to him when he encounters Angelica (Penlope Cruz), a beautiful pirate that Jack once loved then left. Angelica forces him to accompany her to the Queen Anne\'s Revenge, the ship of the notorious Blackbeard (Ian McShane). Accompanied by a zombie crew, the trio sets sail to find the legendary Fountain of Youth. However, Jack\'s rival, Barbossa (Geoffrey Rush), also seeks the fountain, as does a ship from Spain.'),('MV002730530000','Chloe','2009','Catherine and David Stewart (Julianne Moore, Liam Neeson) are a well-to-do couple living in a posh area of Toronto, but all is not well in paradise. Catherine suspects that David, a music professor, is cheating on her with his students. She hires a prostitute named Chloe (Amanda Seyfried) to meet David and see if he gives in to temptation, but events spin out of control when Chloe spills the details of her torrid encounters.'),('MV002733170000','Morning Glory','2010','Newly hired as a producer on a national morning-news program called \"Daybreak,\" Becky Fuller (Rachel McAdams) decides to revitalize the low-rated show by bringing in legendary anchorman Mike Pomeroy (Harrison Ford). Pomeroy, however, refuses to do puff pieces like celebrity gossip and fashion, and clashes with his co-host (Diane Keaton). Meanwhile, Becky\'s romance with a colleague begins to unravel, leaving her struggling to save her relationship, her job and the show.'),('MV002738300000','Frozen','2010','As a winter storm approaches, three people become stranded on a chairlift high above the ground after a ski resort closes for the night.'),('MV002762330000','Eat Pray Love','2010','Liz Gilbert (Julia Roberts) thought she had everything she wanted in life: a home, a husband and a successful career. Now newly divorced and facing a turning point, she finds that she is confused about what is important to her. Daring to step out of her comfort zone, Liz embarks on a quest of self-discovery that takes her to Italy, India and Bali.'),('MV002799110000','Red','2010','After surviving an assault from a squad of hit men, retired CIA agent Frank Moses (Bruce Willis) reassembles his old team for an all-out war. Frank reunites with old Joe (Morgan Freeman), crazy Marvin (John Malkovich) and wily Victoria (Helen Mirren) to uncover a massive conspiracy that threatens their lives. Only their expert training will allow them to survive a near-impossible mission -- breaking into CIA headquarters.'),('MV003221860000','Zookeeper','2011','Cuando un tmido cuidador de un zoolgico decide cambiar de trabajo para poder encontrar a su futura pareja, los animales del zoolgico revelan su habilidad secreta de hablar y le ensean a cortejar a las mujeres.'),('MV003246500000','The Fighter','2010','For Micky Ward (Mark Wahlberg), boxing is a family affair. His tough-as-nails mother is his manager. His half-brother, Dicky (Christian Bale), once a promising boxer himself, is his very unreliable trainer. Despite Micky\'s hard work, he is losing and, when the latest fight nearly kills him, he follows his girlfriend\'s advice and splits from the family. Then Micky becomes a contender for the world title and he -- and his family -- earns a shot at redemption.'),('MV003246950000','Transformers: Dark of the Moon','2011','Sam Witwicky (Shia LaBeouf) and his new girlfriend, Carly (Rosie Huntington-Whiteley), join the fray when the evil Decepticons renew their longstanding war against the Autobots. Optimus Prime (Peter Cullen) believes that resurrecting ancient Transformer Sentinel Prime (Leonard Nimoy), once the leader of the Autobots, may lead to victory. That decision, however, has devastating consequences; the war appears to tip in favor of the Decepticons, leading to a climactic battle in Chicago.'),('MV003275260000','Captain America: The First Avenger','2011','It is 1941 and the world is in the throes of war. Steve Rogers (Chris Evans) wants to do his part and join America\'s armed forces, but the military rejects him because of his small stature. Finally, Steve gets his chance when he is accepted into an experimental program that turns him into a supersoldier called Captain America. Joining forces with Bucky Barnes (Sebastian Stan) and Peggy Carter (Hayley Atwell), Captain America leads the fight against the Nazi-backed HYDRA organization.'),('MV003294770000','Easy Money','2010','Business student JW (Joel Kinnaman), who likes to rub elbows with the wealthy, loves a sexy heiress, so to maintain that lifestyle, he takes up a life of crime. Jorge (Matias Varela) is a petty crook who\'s on the run from the police and Serbian mobsters. Mob hit man Mrado (Dragomir Mrsic) is hunting for Jorge but must care for his young daughter at the same time. As JW sinks deeper into the criminal world, all three men become entangled in a mutual fate.'),('MV003302770000','Dream House','2011','Publisher Will Atenton (Daniel Craig) quits a lucrative job in New York to relocate his wife, Libby (Rachel Weisz), and their daughters to a quaint town in New England. As they settle into their home, however, the Atentons discover that a woman and her children were murdered there, and the surviving husband is the town\'s prime suspect. With help from a neighbor (Naomi Watts) who was close to the murdered family, Will pieces together a horrifying chain of events.'),('MV003358360000','Hall Pass','2011','Best friends Rick (Owen Wilson) and Fred (Jason Sudeikis) each have been married for a long time, and they are showing signs of restlessness. To revitalize their marriages, their wives (Jenna Fischer, Christina Applegate) grant them one week to do whatever they please, no questions asked. At first, the deal sounds like a dream come true, but as the week marches on, the two friends discover that their expectations are wildly out of sync with reality.'),('MV003394050000','Bsquenlo y Mtenlo','2008','Un grupo de gatilleros recibe la orden de encontrar y asesinar a un enemigo peligroso.'),('MV003466030000','Ricky Rapper','2008','Un nio (Niilo Sipil) de 10 aos toca la batera y se hace amigo de un nueva nia (Mimmi Lounela) en su edificio.'),('MV003529070000','Kaccha Limboo','2011','Everything seems wrong with Shambu\'s life until he meets Vitthal, and the two begin a journey to search for their dreams.'),('MV003572020000','Wanderlust','2012','George (Paul Rudd) and Linda (Jennifer Aniston) have overextended, overstressed lives in Manhattan. After George loses his job, he and Linda have little choice but to move to Atlanta and stay with his terrible brother. On the way, the couple happen upon Elysium, an idyllic counterculture community, where money, careers and clothing are strictly optional. George and Linda think that they can make a fresh start in Elysium, only they may be trading one set of problems for another.'),('MV003622350000','Puss in Boots','2011','El famoso gato tiene la aventura de su vida cuando une fuerzas con Humpty Dumpty y la gata Kitty para robarse al ganso de los huevos de oro.'),('MV003635750000','A Very Harold & Kumar 3D Christmas','2011','Six years after their last adventure, stoner pals Harold (John Cho) and Kumar (Kal Penn) have grown apart and found new friends. As each is busy making holiday preparations, a mysterious package mistakenly arrives on Kumar\'s doorstep. Unfortunately, Kumar\'s attempt to redirect the package to Harold goes up in smoke -- along with a prize Christmas tree belonging to Harold\'s father-in-law. The pair\'s journey across New York City to find a replacement tree threatens to blow Christmas Eve sky-high.'),('MV003679220000','Battleship','2012','Lt. Alex Hopper (Taylor Kitsch) is a weapons officer aboard the destroyer USS John Paul Jones, while his older brother, Stone (Alexander Skarsgrd), is the commanding officer of the USS Sampson. Unknown to Alex, Stone or the rest of the U.S. Navy, alien invaders have arrived on Earth with plans to steal Earth\'s resources. When a confrontation with the invaders knocks out the Navy\'s radar capability, American and Japanese forces must work together to find a way to save the planet.'),('MV003685450000','Journey 2: The Mysterious Island','2012','Now 17, Sean Anderson (Josh Hutcherson) receives a coded distress signal from an island where none should exist. Knowing that he will not be able to dissuade Sean from tracking the signal to its source, Hank (Dwayne Johnson), Sean\'s new stepfather, joins the teen on a quest to the South Pacific. Together with helicopter pilot Gabato (Luis Guzmn) and Gabato\'s feisty daughter, Kailani (Vanessa Hudgens), they set out to find the island and rescue its sole human inhabitant (Michael Caine).'),('MV003711350000','Wanderlust','2012','Dos neoyorquinos estresados piensan que ellos han encontrado la respuesta a sus problemas cuando se unen a una comunidad de contracultura en donde la nica regla es ser uno mismo.'),('MV003728180000','The Apparition','2012','Plagued by frightening occurrences in their home, Kelly (Ashley Greene) and Ben (Sebastian Stan) learn that a university\'s parapsychology experiment produced an entity that is now haunting them. The malevolent spirit feeds on fear and torments the couple no matter where they run. Desperate, Kelly and Ben turn to a paranormal researcher (Tom Felton), but even with his aid, it may already be too late to save themselves from the terrifying presence.'),('MV003734880000','American Reunion','2012','In the summer of 1999, four small-town Michigan boys began a quest to lose their virginity. In the ensuing years, Jim (Jason Biggs) has married Michelle (Alyson Hannigan), though Kevin (Thomas Ian Nicholas) has left Vicky (Tara Reid). Oz (Chris Klein) has grown apart from Heather (Mena Suvari), but Finch still has the hots for Stiffler\'s (Seann William Scott) mom (Jennifer Coolidge). These lifelong friends have come home to reminisce about -- and become inspired by -- their former teen selves.'),('MV003752050000','Dear Santa','2011','Crystal, a rich party girl, finds a little girl\'s letter to Santa asking for a new mother, and she vows to win over the father and daughter before the holidays.'),('MV003756120000','The Lucky One','2012','U.S. Marine Sgt. Logan Thibault (Zac Efron) returns home from his third tour of duty in Iraq with the one thing he believes kept him alive: a photograph of a woman he doesn\'t even know. He learns the woman\'s name is Beth (Taylor Schilling) and goes to meet her, eventually taking a job at her family-run kennel. Though Beth is full of mistrust and leads a complicated life, a romance blooms, giving Logan hope that Beth could become more than just his good-luck charm.'),('MV003845400000','Las Dos Vidas de Andrs Rabadn','2008','Once aos despus de descarrilar tres trenes y matar a su padre con una ballesta, un hombre planea escapar del psiquitrico penitenciario en el que se encuentra encerrado.'),('MV003857660000','The Watch','2012','In Glenview, Ohio, four pals -- Evan (Ben Stiller), Bob (Vince Vaughn), Franklin (Jonah Hill) and Jamarcus (Richard Ayoade) -- form a neighborhood watch group. Armed with flashlights, walkie-talkies and spiffy new jackets, the guys try to take their mission seriously, even if they spend a little time goofing off now and then. But when they discover aliens living among them, and no one believes their story, they learn that they have to kick things up a notch to save the world from annihilation.'),('MV003867280000','Sparkle','2012','In 1968, girl groups and the Motown sound are sweeping the nation. Despite their mother\'s (Whitney Houston) misgivings, talented sisters Delores (Tika Sumpter), Sister (Carmen Ejogo) and Sparkle (Jordin Sparks) are taking Detroit by storm, and their dreams are even bigger. Their ambitious manager (Derek Luke) will do whatever it takes to make the big time, even if it means exploiting the sisters -- and his love for Sparkle -- for the foundation of a new musical empire.'),('MV003946350000','Tyler Perry\'s Madea\'s Witness Protection','2012','For years, mild-mannered Wall Street banker George Needleman (Eugene Levy) has meandered through life oblivious to his family\'s dysfunction and his company\'s malfeasance, but he\'s forced to wake up when he learns that he\'s been framed in a mob-backed Ponzi scheme. Placed under federal protection, George and his family are shipped down South to Madea\'s (Tyler Perry) house, where the no-nonsense matriarch whips them all into shape using her special brand of tough love.'),('MV004005830000','Amour','2012','Retired music teachers Georges (Jean-Louis Trintignant) and Anne (Emmanuelle Riva) have spent their lives devoted to their careers and to each other. Their relationship faces its greatest challenge when Anne suffers a debilitating stroke. Though Georges himself suffers from the aches and infirmities of old age, he bravely ignores his own discomfort to take care of his wife, and is determined to keep his promise to her that she never go back to the hospital.'),('MV004035420000','Pedro y Pablo','1973','Dos sacerdotes jvenes realizan su misin en un humilde barrio carioca y lentamente se ganan la confianza de la gente.'),('MV004036570000','Monsters University','2013','Ever since he was a kid monster, Mike Wazowski (Billy Crystal) has dreamed of becoming a Scarer. To make his dream a reality, he enrolls at Monsters University. During his first semester, he meets Sulley (John Goodman), a natural-born Scarer. Sulley and Mike engage in a fierce rivalry that ultimately gets them both kicked out of MU\'s elite Scare Program. To make things right, Mike and Sulley -- along with a bunch of misfit monsters -- will have to learn to work together.'),('MV004039650000','Freelancers','2012','The son (Curtis \"50 Cent\" Jackson) of a fallen police officer joins the NYPD, where he falls in with his father\'s former partner and a band of rogue cops.'),('MV004100730000','Comida para gatos','2008','Dos amigos inseparables se enamoran de la misma chica y ella tiene que elegir entre el xito profesional o la maternidad.'),('MV004572230000','The Spectacular Now','2013','An innocent, bookish teenager (Shailene Woodley) begins dating the charming, freewheeling high-school senior (Miles Teller) who awoke on her lawn after a night of heavy partying.'),('MV004742160000','Rush','2013','In the mid-1970s, charismatic English playboy James Hunt (Chris Hemsworth) and Austrian perfectionist Niki Lauda (Daniel Brhl) share an intense rivalry in Formula 1 racing. Driving vehicles that are little more than gas-filled, rolling bombs, Hunt and Lauda burn up the track, all the while pushing themselves to the breaking point of physical and mental endurance. Meanwhile, the women (Olivia Wilde, Alexandra Maria Lara) in their lives can only watch as both drivers risk death with every lap.'),('MV004797400000','Escape Plan','2013','Ray Breslin, un experto en seguridad carcelaria, se enfrenta a su mayor reto: escapar de la prisin que l mismo ha diseado. En la crcel conocer al enigmtico Church, un hombre que se ha ganado el respeto de todos los presos.'),('MV004798460000','Walk of Shame','2014','Meghan (Elizabeth Banks) is an aspiring news anchor in the cutthroat world of Los Angeles television. After an audition for her dream job ends in failure, she goes out for an uncharacteristic night of partying. The next morning, she awakes in a stranger\'s bed and hears a phone message from her agent telling her the job is hers if she can make it across town by 5:00 pm. Stranded in an unknown area without money, phone or transportation, she races to the most important interview of her life.'),('MV004885240000','Frozen','2013','When their kingdom becomes trapped in perpetual winter, fearless Anna (Kristen Bell) joins forces with mountaineer Kristoff (Jonathan Groff) and his reindeer sidekick to find Anna\'s sister, Snow Queen Elsa (Idina Menzel), and break her icy spell. Although their epic journey leads them to encounters with mystical trolls, a comedic snowman (Josh Gad), harsh conditions, and magic at every turn, Anna and Kristoff bravely push onward in a race to save their kingdom from winter\'s cold grip.'),('MV004991580000','Maleficent','2014','As a beautiful young woman of pure heart, Maleficent (Angelina Jolie) has an idyllic life in a forest kingdom. When an invading army threatens the land, Maleficent rises up to become its fiercest protector. However, a terrible betrayal hardens her heart and twists her into a creature bent on revenge. She engages in an epic battle with the invading king\'s successor, then curses his newborn daughter, Aurora -- realizing only later that the child holds the key to peace in the kingdom.'),('MV005074740000','Tyler Perry\'s A Madea Christmas','2013','Madea (Tyler Perry) accompanies her niece, Eileen (Anna Maria Horsford), to the small town of Buck Tussel to pay a surprise visit to Eileen\'s daughter, Lacey (Tika Sumpter), who has refused to come home for Christmas. The real reason Lacey is avoiding her judgmental mother is that she has secretly married Connor (Chad Michael Murray), a white classmate from college. When Eileen and Madea arrive at Lacey\'s farm, she tells them that Connor is an employee, but her lie soon spins out of control.'),('MV005293220000','Marry Me for Christmas','2013','To appease her family during the holidays, a single woman (Malinda Williams) pretends to be engaged to her employee (Brad James).'),('MV005429700000','Get On Up','2014','James Brown (Chadwick Boseman) was born in extreme poverty in 1933 South Carolina and survived abandonment, abuse and jail to become one of the most influential musicians of the 20th century. He joined a gospel group as a teenager, but the jazz and blues along the \"chitlin\' circuit\" became his springboard to fame. Although his backup musicians came and went, Brown retained the ability to mesmerize audiences with his music, signature moves and sexual energy.'),('MV005465290000','Obvious Child','2014','An immature, newly unemployed comic (Jenny Slate) must navigate the murky waters of adulthood after her fling with a graduate student (Jake Lacy) results in an unplanned pregnancy.'),('MV005520580000','Descendants','2015','Ben, the teenaged son of King Beast and Queen Belle, invites the exiled children of defeated villains to attend a prep school with the heroes\' children.'),('MV005521240000','Big Hero 6','2014','Robotics prodigy Hiro (Ryan Potter) lives in the city of San Fransokyo. Next to his older brother, Tadashi, Hiro\'s closest companion is Baymax (Scott Adsit), a robot whose sole purpose is to take care of people. When a devastating turn of events throws Hiro into the middle of a dangerous plot, he transforms Baymax and his other friends, Go Go Tamago (Jamie Chung), Wasabi (Damon Wayans Jr.), Honey Lemon (Genesis Rodriguez) and Fred (T.J. Miller) into a band of high-tech heroes.'),('MV005634090000','La quemazn','2012','El Chemo y el Chayote son perseguidos por narcotraficantes que los quieren matar.'),('MV005724140000','Mam ya crec','2014','Gerardo nunca pudo despegarse de su madre. Por eso, cuando le presenta a su primera novia, la despampanante modelo Ana Vernica, la madre har todo lo posible por deshacerse de ella.'),('MV005834930000','Jurassic World','2015','Located off the coast of Costa Rica, the Jurassic World luxury resort provides a habitat for an array of genetically engineered dinosaurs, including the vicious and intelligent Indominus rex. When the massive creature escapes, it sets off a chain reaction that causes the other dinos to run amok. Now, it\'s up to a former military man and animal expert (Chris Pratt) to use his special skills to save two young brothers and the rest of the tourists from an all-out, prehistoric assault.'),('MV005859490000','Dos pasiones','1944','Un hombre decide sacrificar el honor, el amor y su carrera para compartir la culpa con su amigo.'),('MV006138800000','Runaway','2014','Viviendo a escondidas, una mujer se enfrenta a una nueva amenaza cuando su peligroso ex novio, traficante de drogas, se entera de su paradero.'),('MV006430540000','Antes de la quemazn','2013','Las cosas se ponen cada vez ms peligrosas en el pueblo. Los altos mandos de dos importantes carteles se enfrentan por el dominio de las rutas del narcotrfico. Las cuentas se deben ajustar antes de que ocurran hechos desastrosos.'),('MV006653510000','Rock the Kasbah','2015','While visiting Kabul, Afghanistan, washed-up music manager Richie Lanz (Bill Murray) gets dumped by his last client. His luck changes when he meets Salima Khan (Leem Lubany), a Pashtun teenager with a beautiful voice who dreams of becoming the first female to compete on the television show \"Afghan Star.\" With help from a savvy hooker (Kate Hudson), two war profiteers and a trigger-happy mercenary (Bruce Willis), Richie embarks on a mission to make sure his new protge gets discovered.'),('MV006695230000','If I Had Wings','2013','Brad, un joven con problemas, ayuda a Alex, un compaero de escuela ciego, a entrenar para el equipo de velocidad de su escuela.'),('MV007565270000','The Last Witch Hunter','2015','The modern world holds many secrets, the most astounding being that witches still live among us. Centuries ago, Kaulder (Vin Diesel) managed to slay the all-powerful Witch Queen, decimating her followers in the process. Before her death, she cursed the valiant warrior with her own immortality, separating him from his beloved wife and daughter in the afterlife. Her resurrection now threatens the survival of the human race as Kaulder, the only one of his kind remaining, faces her vengeful wrath.'),('MV007734430000','Krisha','2015','Tensions rise at a Thanksgiving gathering when a troubled woman (Krisha Fairchild) reunites with the extended family that she abandoned years earlier.'),('MV007739790000','Kung Fu Panda 3','2016','Living large and loving life, Po (Jack Black) realizes that he has a lot to learn if he\'s going to fulfill the next challenge from his beloved instructor (Dustin Hoffman). After reuniting with his long-lost father (Bryan Cranston), Po must transition from student to teacher and train a group of fun-loving, clumsy pandas to become martial-arts fighters. Together, the kung-fu brethren unite to take on the evil Kai (J.K. Simmons), a supernatural warrior who becomes stronger with each battle.'),('MV007782730000','Kotwal Saab','1977','Two brothers become estranged, when one marries a woman the other finds unacceptable. They drift apart, but years later meet again under dire circumstances.'),('MV007787490000','The Secret Life of Pets','2016','Max (Louis C.K.) is a spoiled terrier who enjoys a comfortable life in a New York building until his owner adopts Duke, a giant and unruly canine. During their walk outside, they encounter a group of ferocious alley cats and wind up in a truck that\'s bound for the pound. Luckily, a rebellious bunny named Snowball swoops in to save the doggy duo from captivity. In exchange, Snowball demands that Max and Duke join his gang of abandoned pets on a mission against the humans who\'ve done them wrong.'),('MV007920410000','Underworld: Blood Wars','2016','Death dealer Selene (Kate Beckinsale) must fend off brutal attacks from both the Lycan clan and the vampire faction that betrayed her. Joining forces with allies David (Theo James) and Thomas (Peter Andersson), she embarks on a quest to end the eternal war between the two races, even if it means making the ultimate sacrifice.'),('MV008200070000','Delta Force 2: The Columbian Connection','1990','Ruthless Colombian drug lord Ramon Cota (Billy Drago) is tightening his hold on the global cocaine trade. With the Drug Enforcement Administration unsuccessful in blocking the steady stream of narcotics from entering the United States, the U.S. Army\'s Delta Force is enlisted to try and bring Cota to justice. But when Cota strikes at Maj. Bobby Chavez\'s (Paul Perri) family, the mission suddenly becomes very personal for Col. Scott McCoy (Chuck Norris).'),('MV008227890000','Going in Style','2017','Lifelong buddies Willie (Morgan Freeman), Joe (Michael Caine) and Albert (Alan Arkin) decide to buck retirement and step off the straight-and-narrow when their pension funds become a corporate casualty. Desperate to pay the bills and come through for their loved ones, the three men risk it all by embarking on a daring adventure to knock off the very bank that absconded with their money.'),('MV008253040000','El Valle sin Sombras','2015','Las historias menos conocidas de la tragedia de la erupcin y alud del volcn Nevado del Ruiz en Armedo, Colombia, que provoc veinticinco mil muertos en 1985.'),('MV008321120000','La La Land','2016','Sebastian (Ryan Gosling) and Mia (Emma Stone) are drawn together by their common desire to do what they love. But as success mounts they are faced with decisions that begin to fray the fragile fabric of their love affair, and the dreams they worked so hard to maintain in each other threaten to rip them apart.'),('MV008489260000','Wonder Woman','2017','Before she was Wonder Woman (Gal Gadot), she was Diana, princess of the Amazons, trained to be an unconquerable warrior. Raised on a sheltered island paradise, Diana meets an American pilot (Chris Pine) who tells her about the massive conflict that\'s raging in the outside world. Convinced that she can stop the threat, Diana leaves her home for the first time. Fighting alongside men in a war to end all wars, she finally discovers her full powers and true destiny.'),('MV008583800000','Sing','2016','Dapper Koala Buster Moon presides over a once-grand theater that has fallen on hard times. An eternal optimist, and a bit of a scoundrel, he loves his theater above all and will do anything to preserve it. Facing the crumbling of his life\'s ambition, he takes one final chance to restore his fading jewel to its former glory by producing the world\'s greatest singing competition. Five contestants emerge: a mouse, a timid elephant, a pig, a gorilla and a punk-rock porcupine.'),('MV008663260000','Sherlock Holmes','2002','En los inicios de su carrera como detective, Sherlock Holmes intenta evitar que Moriarty entre al mercado de la herona.'),('MV008803630000','Antes de irnos','2015','La historia de una joven quien a su corta edad ha tenido que luchar en medio de la pobreza, la ausencia paterna, una madre alcohlica y un novio que la maltrata.'),('MV008859760000','El astronauta','1997','Los astronautas reaccionan con temor al enterarse de que un cientfico torpe es el dirigente de una misin a Marte.'),('MV008891990000','Hacksaw Ridge','2016','The true story of Pfc. Desmond T. Doss (Andrew Garfield), who won the Congressional Medal of Honor despite refusing to bear arms during WWII on religious grounds. Doss was drafted and ostracized by fellow soldiers for his pacifist stance but went on to earn respect and adoration for his bravery, selflessness and compassion after he risked his life -- without firing a shot -- to save 75 men in the Battle of Okinawa.'),('MV008900940000','Trolls','2016','Dos troles se embarcan en la aventura ms grande de sus vidas cuando tienen que abandonar el nico mundo que han conocido para rescatar a sus amigos.'),('MV008976240000','Live by Night','2016','It\'s the Roaring `20s and Prohibition hasn\'t stopped the flow of booze in an underground network of gangster-run speakeasies. The opportunity to gain power and money is there for any man with enough ambition and nerve, and Joe Coughlin, the son of the Boston Police superintendent, long ago turned his back on his strict upbringing for the spoils of being an outlaw. But even among criminals there are rules, and Joe breaks a big one: crossing a powerful mob boss by stealing his money and his moll.'),('MV009051750000','CHIPS','2017','Jon Baker and Frank \"Ponch\" Poncherello have just joined the California Highway Patrol in Los Angeles, but for very different reasons. Baker is a former motorbike rider who\'s trying to put his life and marriage back together. Poncherello is a cocky, undercover FBI agent who\'s investigating a multimillion dollar heist that may be an inside job. Forced to work together, the inexperienced rookie and hardened veteran begin clashing instead of clicking while trying to nab the bad guys.'),('MV009358060000','You\'ll never be alone','2016',NULL),('MV009399060000','The War With Grandpa','2020','Peter and his grandpa used to be very close, but when Grandpa Jack moves in with the family, Peter is forced to give up his most prized possession: his bedroom. Peter will stop at nothing to get his room back, scheming with friends to devise a series of pranks to drive him out. However, grandpa doesn\'t give up easily, and it turns into an all-out war between the two.'),('MV009444030000','I Am Bolt','2016','The career and the legacy of Jamaican runner Usain Bolt.'),('MV009458860000','Jurassic World: Fallen Kingdom','2018','Three years after the destruction of the Jurassic World theme park, Owen Grady and Claire Dearing return to the island of Isla Nublar to save the remaining dinosaurs from a volcano that\'s about to erupt. They soon encounter terrifying new breeds of gigantic dinos while uncovering a conspiracy that threatens the entire planet.'),('MV009468590000','Miss Peregrine\'s Home for Peculiar Children','2016','Mientras investiga un misterio que le leg su abuelo, un adolescente encuentra en la costa de Gales una isla en la que habitan nios con poderes especiales y terribles enemigos que los amenazan.'),('MV009471990000','Tyler Perry\'s Why Did I Get Married?','2007','Eight married friends take their annual reunion vacation in the Colorado mountains. Revelations of infidelity involving one pair shatter the amicable mood, forcing the remaining friends to take a hard look at the strength of their own marriages. The couples grapple with issues of commitment, love, betrayal and forgiveness as they try to move on with their lives.'),('MV009507130000','Jumanji: Welcome to the Jungle','2017','Four high school kids discover an old video game console and are drawn into the game\'s jungle setting, literally becoming the adult avatars they chose. What they discover is that you don\'t just play Jumanji - you must survive it. To beat the game and return to the real world, they\'ll have to go on the most dangerous adventure of their lives, discover what Alan Parrish left 20 years ago, and change the way they think about themselves - or they\'ll be stuck in the game forever.'),('MV009510820000','No manches, Frida','2016','Despus de salir de la prisin, el ladrn de bancos Zequi se dispone a recuperar el dinero robado que fue enterrado por su cmplice, pero se horroriza al saber que un gimnasio de secundaria est ahora sobre el sitio donde el botn est escondido. Para infiltrarse en el edificio, Zequi consigue un trabajo como maestro sustituto para un grupo de estudiantes indisciplinados y, mientras intenta establecer el orden, se da cuenta de que la vida en la crcel era ms fcil que lidiar con estos jvenes.'),('MV009632610000','Aquaman','2018','Once home to the most advanced civilization on Earth, the city of Atlantis is now an underwater kingdom ruled by the power-hungry King Orm. With a vast army at his disposal, Orm plans to conquer the remaining oceanic people -- and then the surface world. Standing in his way is Arthur, Orm\'s half-human, half-Atlantean brother and true heir to the throne. With help from royal counselor Vulko, Arthur must retrieve the legendary Trident of Atlan and embrace his destiny as protector of the deep sea.'),('MV009807850000','The Beguiled','2017','Cpl. John McBurney is an injured Union soldier who finds himself on the run as a deserter during the Civil War. He seeks refuge at an all-female Southern boarding school where the teachers and students seem more than willing to help. Soon, sexual tensions lead to dangerous rivalries as the women tend to his wounded leg while offering him comfort and companionship.'),('MV009894040000','CHIPS','2017','El agente Baker, un motorista profesional que desea rehacer su vida y recuperar a su esposa, y el agente Poncherello, un miembro del FBI en misin de incgnito para investigar un caso de corrupcin dentro de la polica de California, se unen por estos dos dispares motivos a la patrulla de autopistas de Los ngeles.'),('MV009916310000','El hogar al revs','2014','Madres, casi todas obreras de fbricas transnacionales, salen y entran en camiones que las llevan a cumplir sus rutinas de doce horas de trabajo, mientras sus hijos resuelven su crianza encerrados en pequeas casas de 40 metros cuadrados.'),('MV009975500000','El Encuentro','2017','Una pareja, en su mejor momento, sufre una dolorosa ruptura. Ella tiene un terrible accidente automovilstico y muere. Tres aos despus Jos conoce a un nuevo amor y descubre que ella carga el corazn de su ex.'),('MV010142070000','The Upside','2017','Phillip is a wealthy quadriplegic who needs a caretaker to help him with his day-to-day routine in his New York penthouse. He decides to hire Dell, a struggling parolee who\'s trying to reconnect with his ex and his young son. Despite coming from two different worlds, an unlikely friendship starts to blossom as fun-loving Dell shows curmudgeonly Phillip that life is worth living.'),('MV010196830000','Going in Style','2017','Desesperados por no quedar en la ruina, tres amigos de toda la vida lo arriesgan todo cuando se atreven a robar el mismo banco que les quit su dinero.'),('MV010234130000','Descendants 2','2017','When the pressure to be royally perfect gets to be too much for Mal, she returns to the Isle of the Lost. She discovers that Uma, the daughter of Ursula, has taken over as queen, and that her gang is finalizing plans to bring down the barrier.'),('MV010300730000','Todo por la taquilla','2015','Cuatro viejos amigos cineastas se reencuentran para concluir el proyecto de sus vidas:\"Hostilla\", la primera pelcula vaquera venezolana, que los llevar a la fama cuando opten al concurso de cine de Hollywood para Latinoamrica.'),('MV010390320000','Spider-Man: Far From Home','2019','Peter Parker\'s relaxing European vacation takes an unexpected turn when Nick Fury shows up in his hotel room to recruit him for a mission. The world is in danger as four massive elemental creatures -- each representing Earth, air, water and fire -- emerge from a hole torn in the universe. Parker soon finds himself donning the Spider-Man suit to help Fury and fellow superhero Mysterio stop the evil entities from wreaking havoc across the continent.'),('MV010484080000','El pendiente de mi padre','2017','Fausto es un hombre de bien. Un da, el compadre amenaza a Fausto porque quiere que pierda una carrera de caballos a propsito tras apostar. Fausto no est de acuerdo y desata un problema entre familias.'),('MV010498540000','De puro aire','2014','Despus de vivir treinta aos en un pequeo parque de la Ciudad de Mxico, un globero apodado el \"Apenas\" decide regresar a casa. No sabe si su familia lo acoger de buen grado y si ser capaz de cambiar la vida en la calle por la de un hogar.'),('MV010512970000','Olaf\'s Frozen Adventure','2017','When the kingdom of Arendelle empties out for the holiday season, Anna and Elsa realize that they have no family traditions of their own. So Olaf sets out on a merry mission to bring home the very best traditions and save Christmas.'),('MV010573710000','Cold Pursuit','2019','Nels Coxman\'s quiet life as a snowplow driver comes crashing down when his beloved son dies under mysterious circumstances. His search for the truth soon becomes a quest for revenge against a psychotic drug lord named Viking and his sleazy henchmen. Transformed from upstanding citizen to coldblooded vigilante, Coxman unwittingly sets off a chain of events that includes a kidnapping, a series of deadly misunderstandings and a turf war between Viking and a rival boss.'),('MV010740180000','Teen Titans GO! to the Movies','2018','It seems that all the major superheroes out there are starring in their own movies -- all but the Teen Titans. Robin is bound and determined to remedy that situation by becoming a star instead of a sidekick. With a few madcap ideas and a song in their hearts, the Teen Titans head to Hollywood to fulfill their dreams. Things soon go awry, however, when a supervillain plans to take over the planet -- putting the very fate of the young heroes on the line.'),('MV010777880000','Shazam!','2019','We all have a superhero inside of us -- it just takes a bit of magic to bring it out. In 14-year-old Billy Batson\'s case, all he needs to do is shout out one word to transform into the adult superhero Shazam. Still a kid at heart, Shazam revels in the new version of himself by doing what any other teen would do -- have fun while testing out his newfound powers. But he\'ll need to master them quickly before the evil Dr. Thaddeus Sivana can get his hands on Shazam\'s magical abilities.'),('MV010850790000','Azcar y sal','2016','Ana, una joven de 27 aos, acaba de mudarse a la ciudad con su familia. Ana es invitada a una fiesta, donde bajo la influencia del alcohol termina manteniendo relaciones con un joven desconocido. Ese encuentro le cambiar la vida para siempre.'),('MV010936510000','Secuestro y traicin','2017','El destino de dos hombres queda ligado por un secuestro y una traicin.'),('MV011013910000','The House With a Clock in Its Walls','2018','Ten-year-old Lewis goes to live with his oddball uncle in a creaky old house that contains a mysterious ticktock noise. He soon learns that Uncle Jonathan and his feisty neighbor, Mrs. Zimmerman, are powerful practitioners of the magic arts. When Lewis accidentally awakens the dead, the town\'s sleepy facade suddenly springs to life -- revealing a secret and dangerous world of witches, warlocks and deadly curses.'),('MV011727750000','Turtle Odyssey','2018','The unique life cycle of an Australian green sea turtle and its journey across the open ocean.'),('MV011779400000','Jim Gaffigan: Noble Ape','2018','Comic Jim Gaffigan proves that laughter is the best medicine when he talks about a family medical crisis and other topics during his hilarious stand-up routine.'),('MV011853110000','Sonic the Hedgehog','2020','The world needed a hero -- it got a hedgehog. Powered with incredible speed, Sonic embraces his new home on Earth -- until he accidentally knocks out the power grid, sparking the attention of uncool evil genius Dr. Robotnik. Now, it\'s supervillain vs. supersonic in an all-out race across the globe to stop Robotnik from using Sonic\'s unique power to achieve world domination.'),('MV011856050000','Isn\'t It Romantic','2019','Natalie is a New York architect who works hard to get noticed at her job, but is more likely to deliver coffee and bagels than design the city\'s next skyscraper. Things go from bad to weird when she gets knocked unconscious during a subway mugging and magically wakes up to find herself in an alternate universe. Her worst nightmare soon comes true when Natalie -- always cynical about love -- suddenly discovers that she\'s the leading lady in a real-life romantic comedy.'),('MV011859730000','Teen Titans GO! to the Movies','2018','Sorprendidos de que se han filmado pelculas de todos los superhroes menos de ellos, los Jvenes Titanes viajan a Hollywood para remediar esta injusticia. Sin embargo, un supervillano pone sus planes, y a todo el planeta, en peligro.'),('MV011875780000','La niebla y la doncella','2017','El sargento Bevilaqua, de la Guardia Civil, debe investigar la muerte de un joven en la isla de La Gomera. Todas las pruebas del crimen apuntaban a Juan Luis Gmez Padilla, un poltico muy importante de la isla, al que un tribunal absolvi a pesar de las evidencias. El sargento y el cabo Chamorro intentarn resolver el caso, condicionado por presiones polticas y con la dificultad aadida de no levantar sospechas entre sus compaeros, pues el caso ya estaba cerrado.'),('MV011947250000','Ya veremos','2018','Un nio hace una lista de lugares para visitar y cosas para ver, despus de enterarse de que podra perder la vista. Para cumplir sus sueos, sus padres distanciados acuerdan reunirse y llevar a su hijo a un viaje lleno de aventureras.'),('MV011982030000','Christmas on Honeysuckle Lane','2018','After their parents pass, siblings agree to sell their family home, leaving Emma in charge. While Emma\'s mother\'s collection is being appraised, they find a hidden surprise that helps them discover the power of love and family during the holidays.'),('MV012001820000','Playmobil: The Movie','2019','Maria and her younger brother Charlie find themselves magically transported to the fantastical world of Playmobil. While there, they encounter robots, Vikings, knights, pirates and other colorfully amusing characters. But when Charlie winds up in the clutches of an evil emperor, Maria joins forces with a bumbling secret agent and an adventurous truck driver to rescue her beloved sibling.'),('MV012010760000','The Croods: A New Age','2020','Searching for a safer habitat, the prehistoric Crood family discovers an idyllic, walled-in paradise that meets all of its needs. Unfortunately, they must also learn to live with the Bettermans -- a family that\'s a couple of steps above the Croods on the evolutionary ladder. As tensions between the new neighbors start to rise, a new threat soon propels both clans on an epic adventure that forces them to embrace their differences, draw strength from one another, and survive together.'),('MV012052110000','Dolittle','2020','Dr. John Dolittle lives in solitude behind the high walls of his lush manor in 19th-century England. His only companionship comes from an array of exotic animals that he speaks to on a daily basis. But when young Queen Victoria becomes gravely ill, the eccentric doctor and his furry friends embark on an epic adventure to a mythical island to find the cure.'),('MV012062730000','Spies in Disguise','2019','Super spy Lance Sterling and scientist Walter Beckett are almost exact opposites. Lance is smooth, suave and debonair. Walter is not. But what Walter lacks in social skills he makes up for in smarts and invention, creating the awesome gadgets Lance uses on his epic missions. But when events take an unexpected turn, Walter and Lance suddenly have to rely on each other in a whole new way. And if this odd couple can\'t learn to work as a team, the whole world is in peril.'),('MV012071350000','Small Town Christmas','2018','Nell\'s last stop on a nationwide book tour takes her to Springdale, the hometown of Emmett, a young man she met while both were junior copy editors at a New York publishing company.'),('MV012075090000','Time for Me to Come Home for Christmas','2018','Two strangers, a businesswoman and a country music star, are both booked on a flight to Tulsa before the holidays, but it ends up getting canceled due to a snowstorm. They decide to try to get to Tulsa together, and share their secrets along the way.'),('MV012082090000','Pokmon Detective Pikachu','2019','Ace detective Harry Goodman goes mysteriously missing, prompting his 21-year-old son, Tim, to find out what happened. Aiding in the investigation is Harry\'s former Pokmon partner, wise-cracking, adorable super-sleuth Detective Pikachu. Finding that they are uniquely equipped to work together, as Tim is the only human who can talk with Pikachu, they join forces to unravel the tangled mystery.'),('MV012087570000','Overcomer','2019','High school basketball coach John Harrison and his team face an uncertain future when their town\'s largest manufacturing plant shuts down unexpectedly. As hundreds of people move away, John reluctantly agrees to coach cross-country, a sport he doesn\'t even like. His outlook soon changes when he meets Hannah Scott, an unlikely runner who pushes herself to the limit. Inspired by the words and prayers of a new friend, John starts to train Hannah for the biggest race of her young life.'),('MV012108250000','La venganza de los Mendoza','2017','El lder de un grupo de mujeres es asesinado; su hermana apodada la Gera busca al Indio y sus matones para asociarse con ellos y vengar la muerte de su hermano.'),('MV012211050000','Sin rodeos','2018','Una mujer acude a la consulta de un sanador hind para obtener un remedio para la angustia. Amil Narayan le ofrece una pocin a base de plantas milenarias.'),('MV012256050000','21 Bridges','2019','After uncovering a massive conspiracy, an embattled NYPD detective joins a citywide manhunt for two young cop killers. As the night unfolds, he soon becomes unsure of who to pursue -- and who\'s in pursuit of him. When the search intensifies, authorities decide to take extreme measures by closing all of Manhattan\'s 21 bridges to prevent the suspects from escaping.'),('MV012256200000','Qu Len','2018','Una relacin florece entre dos personas de diferentes segmentos sociales.'),('MV012504390000','Lnea de cuatro','2017','Cuatro amigos se renen para ver un partido de la Copa del Mundo en una de sus casas. Como no se han visto por un tiempo, los jvenes deciden hacer una apuesta para revelar una verdad oculta.'),('MV012528700000','Ford v Ferrari','2019','American automotive designer Carroll Shelby and fearless British race car driver Ken Miles battle corporate interference, the laws of physics and their own personal demons to build a revolutionary vehicle for the Ford Motor Co. Together, they plan to compete against the race cars of Enzo Ferrari at the 24 Hours of Le Mans in France in 1966.'),('MV012568320000','Ready or Not','2019','Grace couldn\'t be happier after she marries the man of her dreams at his family\'s luxurious estate. There\'s just one catch -- she must now hide from midnight until dawn while her new in-laws hunt her down with guns, crossbows and other weapons. As Grace desperately tries to survive the night, she soon finds a way to turn the tables on her not-so-lovable relatives.'),('MV012578350000','A Beautiful Day in the Neighborhood','2019','Lloyd Vogel is an investigative journalist who receives an assignment to profile Fred Rogers, aka Mr. Rogers. He approaches the interview with skepticism, as he finds it hard to believe that anyone can have such a good nature. But Roger\'s empathy, kindness and decency soon chips away at Vogel\'s jaded outlook on life, forcing the reporter to reconcile with his own painful past.'),('MV012617260000','Descendants 3','2019','Mal and her friends face their biggest challenge yet when an unfathomable dark force threatens the people of Auradon.'),('MV012658440000','V.C. Andrews\' Fallen Hearts','2019','Heaven is married and ready to settle in her hometown. After a trip to Farthinggale Manor, she is persuaded to stay by her grandfather to live amidst the wealthy -- until the ghosts of her past threaten her new life.'),('MV012674450000','Cats','2019','A tribe of cats must decide yearly which one will ascend to the Heaviside Layer and come back to a new life.'),('MV012684230000','Little Women','2019','In the years after the Civil War, Jo March lives in New York and makes her living as a writer, while her sister Amy studies painting in Paris. Amy has a chance encounter with Theodore, a childhood crush who proposed to Jo but was ultimately rejected. Their oldest sibling, Meg, is married to a schoolteacher, while shy sister Beth develops a devastating illness that brings the family back together.'),('MV012712580000','Killerman','2019','Moe Diamond is a New York City money launderer who wakes up with no memory and millions of dollars in stolen cash and drugs. He must soon scour the streets in search of answers while trying to dodge a crew of violent and crooked cops.'),('MV012729530000','1917','2019','During World War I, two British soldiers -- Lance Cpl. Schofield and Lance Cpl. Blake -- receive seemingly impossible orders. In a race against time, they must cross over into enemy territory to deliver a message that could potentially save 1,600 of their fellow comrades -- including Blake\'s own brother.'),('MV012777200000','Just Mercy','2019','After graduating from Harvard, Bryan Stevenson heads to Alabama to defend those wrongly condemned or those not afforded proper representation. One of his first cases is that of Walter McMillian, who is sentenced to die in 1987 for the murder of an 18-year-old girl, despite evidence proving his innocence. In the years that follow, Stevenson encounters racism and legal and political maneuverings as he tirelessly fights for McMillian\'s life.'),('MV012819030000','Aracnicidio','2014','Una organizacin criminal controla un aparato que hace crecer de forma aberrante a las plantas y los animales. La ONU enva a un grupo de soldados de lite a combatir a los criminales a Albania, donde se encuentran con unas araas monstruosas.'),('MV012871120000','Can You Keep a Secret?','2019','A young woman spills all of her secrets to a stranger on a plane when she thinks it\'s about to crash. She later meets the man and discovers he is her company\'s new CEO, and he knows all of her humiliating secrets.'),('MV012921070000','The Gentlemen','2020','Mickey Pearson is an American expatriate who became rich by building a highly profitable marijuana empire in London. When word gets out that he\'s looking to cash out of the business, it soon triggers an array of plots and schemes -- including bribery and blackmail -- from shady characters who want to steal his domain.'),('MV012952250000','The Invisible Man','2020','After staging his own suicide, a crazed scientist uses his power to become invisible to stalk and terrorize his ex-girlfriend. When the police refuse to believe her story, she decides to take matters into her own hands and fight back.'),('MV012987130000','First Cow','2019','Two travelers, on the run from a band of vengeful hunters in the 1820s Northwest, dream of striking it rich -- but their tenuous plan to make their fortune on the frontier comes to rely on the secret use of a landowner\'s prized dairy cow.'),('MV013072000000','Honest Thief','2020','Hoping to cut a deal, a professional bank robber agrees to return all the money he stole in exchange for a reduced sentence. But when two FBI agents set him up for murder, he must now go on the run to clear his name and bring them to justice.'),('MV013203950000','2nd Chance for Christmas','2019','After trading love for fame and fortune long ago, a spoiled pop star is visited by the spirits of Christmas past, present and future.'),('MV013212200000','Carole\'s Christmas','2019','A busy, overworked businesswoman finds her life turned upside down after wishing she\'d taken a different path in life.'),('MV013385050000','Time for You to Come Home for Christmas','2019','When Katherine returns home after her husband passes away, she meets a veteran who is on his own holiday journey. As Christmas nears, they learn of a bond that may be the miracle they need.'),('MV013450460000','Greta','2019','Gay nurse Pedro goes to criminal lengths to find his ailing transgender friend a hospital bed.'),('MV013584170000','Let Him Go','2020','Following the loss of their son, a retired sheriff and his wife leave their Montana ranch to rescue their young grandson from the clutches of a dangerous family living off the grid in the Dakotas.'),('MV013618560000','Tenet','2020','A secret agent embarks on a dangerous, time-bending mission to prevent the start of World War III.'),('MV013643330000','Cats','2019','Una tribu de gatos debe decidir, como cada ao, cul de ellos ascender al Heaviside Layer y, as, podr renacer y volver en una nueva vida.'),('MV013745320000','El que mucho abarca','2014','Ricardo tiene una relacin montona con Valentina. Cuando decida engaarla por primera vez, surgirn problemas.'),('MV013773420000','Porno para principiantes','2019','Vctor, un cineasta amateur, est a punto de casarse y abandonar para siempre el mundo del cine. Sin embargo, su vida cambia cuando un empresario dudoso le propone hacer una pelcula porno.'),('MV013787510000','Into America\'s Wild','2020','From the wilds of Alaska to the lush coastline of Oregon, filmmaker Greg MacGillivray explores some of the most beautiful landscapes in North America.'),('MV013891500000','Amigos en apuros','2018','Fico y Manolo, antiguos amigos del colegio, se reencuentran en una fiesta. Manolo, pcaro y trotamundos, intenta refugiarse de la mafia en casa de su amigo y, para ello, finge tener una extraa enfermedad.'),('MV013916690000','Dolittle','2020','En la Inglaterra del siglo XIX, el Dr. Dolittle vive en compaa de sus animales exticos, con los que conversa a diario. La joven reina Victoria enferma y el galeno y sus amigos peludos se embarcan en una misin muy peligrosa para obtener la cura que la monarca precisa en una isla legendaria.'),('MV013919640000','Miss Juneteenth','2020','A former beauty queen and single mom prepares her rebellious teenage daughter for the \"Miss Juneteenth\" pageant.'),('MV013928340000','The Quarry','2020','After murdering a traveling preacher, a fugitive drifter assumes his identity and becomes the new cleric of a small-town church. While he wins over the congregation, the police chief starts to link the mysterious stranger to a crime investigation.'),('MV013942100000','Come Play','2020','Parents fight to save their son when a mysterious creature uses his electronic devices to break into our world.'),('MV013950090000','The Last Vermeer','2019','A soldier investigates a renowned Dutch artist who is accused of conspiring with the Nazis.'),('MV014358540000','Chuck Berry: The Original King of Rock \'n\' Roll','2019','Filmmaker Jon Brewer examines the fascinating life and career of legendary rock \'n\' roll pioneer Chuck Berry.'),('MV014519930000','Freaky','2020','Seventeen-year-old Millie Kessler spends her days trying to survive high school and the cruel actions of the popular crowd. But when she becomes the latest target of the Butcher, the town\'s infamous serial killer, her senior year becomes the least of her worries. When the Butcher\'s mystical dagger causes him and Millie to magically switch bodies, the frightened teen learns she has just 24 hours to get her identity back before she looks like a middle-aged maniac forever.'),('MV014537630000','The Mystery of D.B. Cooper','2020','Unravelling the mystery surrounding D.B. Cooper, who boarded a Northwest Orient Airlines plane in November 1971 and hijacked the flight while it was still on the tarmac.'),('MV015228840000','Secuestro pasional','2013','Elena, una empresaria ambiciosa, suea con ascender profesionalmente, por lo que tendr que ganarse al hijo de su jefe. Ella est lista para comprometer sus principios, pero el desastre golpea repentinamente.'),('MV015238460000','Mank','2020','1930s Hollywood is reevaluated through the eyes of scathing wit and alcoholic screenwriter Herman J. Mankiewicz as he races to finish \"Citizen Kane.\"'),('MV015255320000','Linda and the Mockingbirds','2020','Linda Ronstadt y Jackson Browne viajan a Banmichi, Mxico, para ver a nios y jvenes cantar y bailar con trajes tradicionales.'),('MV015257010000','The Christmas House','2020','Working through some difficult decisions, a mother and father summon their two grown sons home for the holidays.'),('MV015257300000','A Christmas Tree Grows in Colorado','2020','A woman who is in charge of her town\'s Christmas celebration must win over a firefighter to obtain a magnificent spruce tree from his property for the festivities.'),('MV015257850000','Christmas by Starlight','2020','A lawyer makes a deal with the heir to a development firm to spare her family\'s restaurant from demolition. However, she must spend the week posing as the legal counsel his father is demanding he hire in the wake of some costly mistakes.'),('MV015283780000','Belushi','2020','Jim Belushi, Chevy Chase, Dan Aykroyd and others discuss the extraordinary life and career of beloved actor and comedian John Belushi.'),('MV015335500000','Vanguard','2020','Members of a covert security company try to protect an accountant from the world\'s deadliest mercenary organization.'),('MV015339770000','V.C. Andrews\' Web of Dreams: Pop-Up Edition','2019','In the past, Leigh has to escape from Farthinggale Manor and the secrets she harbors. Falling into the arms of Luke Casteel Sr., and with a baby girl on the way, she hoped for a chance at happy ever after.'),('MV015339840000','V.C. Andrews\' Gates of Paradise: Pop-Up Edition','2019','After Annie becomes orphaned and crippled, she is whisked off to Farthinggale Manor. She becomes lost in the shadows of despair until she discovers a cottage hidden in Farthinggale\'s woods, where the mystery of her past deepens.'),('MV015385760000','Zoo Animals','2018','Un hombre intenta entretener al hijo de la mujer con la que est saliendo cuando ella lo invita a pasar a su casa.'),('MV015463740000','The Croods: A New Age -- The IMAX 2D Experience','2020','Searching for a safer habitat, the prehistoric Crood family discovers an idyllic, walled-in paradise that meets all of its needs. Unfortunately, they must also learn to live with the Bettermans -- a family that\'s a couple of steps above the Croods on the evolutionary ladder. As tensions between the new neighbors start to rise, a new threat soon propels both clans on an epic adventure that forces them to embrace their differences, draw strength from one another, and survive together.'),('MV015556680000','Charlando con la muerte','2017','La tragedia toca la puerta de los Rodas, porque los miembros de una temible banda criminal extorsionan de manera despiadada a esta familia.');
/*!40000 ALTER TABLE `movies` ENABLE KEYS */;
UNLOCK TABLES;

--
-- Table structure for table `theatre`
--

DROP TABLE IF EXISTS `theatre`;
/*!40101 SET @saved_cs_client     = @@character_set_client */;
/*!50503 SET character_set_client = utf8mb4 */;
CREATE TABLE `theatre` (
  `theatreId` int NOT NULL AUTO_INCREMENT,
  `theatreName` varchar(50) DEFAULT NULL,
  PRIMARY KEY (`theatreId`)
) ENGINE=InnoDB AUTO_INCREMENT=8750 DEFAULT CHARSET=utf8mb4 COLLATE=utf8mb4_0900_ai_ci;
/*!40101 SET character_set_client = @saved_cs_client */;

--
-- Dumping data for table `theatre`
--

LOCK TABLES `theatre` WRITE;
/*!40000 ALTER TABLE `theatre` DISABLE KEYS */;
INSERT INTO `theatre` VALUES (4604,'Bullock Museum Spirit Theater'),(5084,'Alamo Drafthouse South Lamar'),(5320,'AMC Barton Creek Square 14'),(8298,'Regal Westgate Stadium 11'),(8749,'Galaxy Highland');
/*!40000 ALTER TABLE `theatre` ENABLE KEYS */;
UNLOCK TABLES;
/*!40103 SET TIME_ZONE=@OLD_TIME_ZONE */;

/*!40101 SET SQL_MODE=@OLD_SQL_MODE */;
/*!40014 SET FOREIGN_KEY_CHECKS=@OLD_FOREIGN_KEY_CHECKS */;
/*!40014 SET UNIQUE_CHECKS=@OLD_UNIQUE_CHECKS */;
/*!40101 SET CHARACTER_SET_CLIENT=@OLD_CHARACTER_SET_CLIENT */;
/*!40101 SET CHARACTER_SET_RESULTS=@OLD_CHARACTER_SET_RESULTS */;
/*!40101 SET COLLATION_CONNECTION=@OLD_COLLATION_CONNECTION */;
/*!40111 SET SQL_NOTES=@OLD_SQL_NOTES */;

-- Dump completed on 2020-11-27 14:53:51
